timestamp_utc,price
2025-09-29T20:58:20.000Z,23.7525
2025-10-01T20:57:54.000Z,24.0425
2025-10-03T20:59:03.000Z,24.0775
2025-10-07T20:50:50.000Z,24.43
2025-10-09T20:55:01.000Z,24.9725
2025-10-13T20:56:35.000Z,24.27
2025-10-15T20:57:30.000Z,24.1875
2025-10-17T20:59:26.000Z,24.0775
2025-10-21T20:54:55.000Z,24.755
2025-10-23T20:59:51.000Z,24.7575
2025-10-27T21:00:01.000Z,25.665
2025-10-29T21:10:32.000Z,25.745
2025-10-31T21:00:02.000Z,25.855
2025-11-04T21:54:15.000Z,25.56
2025-11-06T21:54:38.000Z,24.94
2025-11-10T21:55:50.000Z,25.555
2025-11-12T21:57:10.000Z,25.6075
2025-11-14T21:58:42.000Z,24.635
2025-11-18T21:57:44.000Z,23.8125
2025-11-20T21:57:32.000Z,23.34
2025-11-24T21:49:04.000Z,24.76
2025-11-26T21:46:29.000Z,25.2175
2025-11-28T21:58:43.000Z,25.4475
2025-12-02T21:29:12.000Z,25.2775
2025-12-04T21:56:45.000Z,25.3125
2025-12-08T21:56:35.000Z,25.4125
2025-12-10T21:59:28.000Z,25.445
2025-12-12T21:54:41.000Z,24.715
2025-12-16T21:59:30.000Z,24.315
2025-12-18T21:57:57.000Z,24.245
2025-12-22T21:51:41.000Z,24.9525
2025-12-29T21:17:14.000Z,25.1175
2026-01-02T21:59:30.000Z,24.9025
2026-01-06T21:51:42.000Z,25.74
2026-01-08T21:58:16.000Z,25.785
2026-01-12T21:56:46.000Z,25.985
2026-01-14T21:59:38.000Z,25.705
2026-01-16T21:50:01.000Z,26.08
2026-01-20T21:58:09.000Z,24.47
2026-01-22T21:59:48.000Z,25.0925
2026-01-26T21:59:13.000Z,24.8175
2026-01-28T21:59:57.000Z,24.895
2026-01-30T21:59:53.000Z,24.5975
2026-02-03T21:59:56.000Z,24.85
2026-02-05T21:59:57.000Z,23.665
2026-02-09T21:59:39.000Z,24.655
2026-02-11T21:59:47.000Z,24.7075
2026-02-13T21:59:49.000Z,23.925
2026-02-17T21:59:57.000Z,24.13
2026-02-19T21:59:56.000Z,24.5625
2026-02-23T21:59:51.000Z,24.34
2026-02-25T21:59:47.000Z,24.9975
2026-02-27T21:59:57.000Z,24.3175
2026-03-03T21:59:57.000Z,24.69
2026-03-05T21:59:57.000Z,24.97
2026-03-09T21:59:59.000Z,24.6025
2026-03-11T21:59:31.000Z,24.615
2026-03-13T21:02:53.000Z,24.2875
2026-03-17T21:59:47.000Z,24.4625
2026-03-19T21:45:02.000Z,23.4975
2026-03-23T21:59:52.000Z,23.1825
2026-03-25T21:59:53.000Z,23.4575
2026-03-27T21:50:01.000Z,22.0375
2026-03-31T20:59:59.000Z,23.045
2026-04-02T20:59:51.000Z,23.2925
2026-04-08T20:59:57.000Z,24.18
2026-04-10T20:59:57.000Z,24.3425
2026-04-14T20:59:57.000Z,25.03
2026-04-16T20:59:11.000Z,25.7325
2026-04-20T20:59:56.000Z,26.1775
2026-04-22T20:59:57.000Z,26.57
2026-04-24T20:59:55.000Z,26.8175
2026-04-28T20:59:55.000Z,26.7325
2026-04-30T20:59:58.000Z,27.0725
2026-05-05T20:59:50.000Z,27.64
2026-05-07T20:59:51.000Z,27.86
2026-05-11T20:59:25.000Z,28.345
2026-05-13T20:55:03.000Z,28.855
2026-05-15T20:59:51.000Z,28.9225
2026-05-19T20:59:43.000Z,28.825
2026-05-21T20:59:55.000Z,29.4525
2026-05-25T20:11:19.000Z,30.205
2026-05-27T20:59:57.000Z,30.145
2026-05-29T20:59:59.000Z,30.2475
2026-06-02T20:59:57.000Z,30.7525
2026-06-04T20:59:57.000Z,30.5375
2026-06-08T20:59:59.000Z,29.5925
2026-06-10T20:59:58.000Z,28.3425
2026-06-12T20:59:58.000Z,29.555
2026-06-16T20:59:59.000Z,29.89
2026-06-18T20:02:53.000Z,30.6575
2026-06-22T20:02:52.000Z,30.58
2026-06-24T20:58:22.000Z,30.2075
2026-06-26T20:59:42.000Z,29.7775
2026-06-30T20:57:40.000Z,30.8175
2026-07-02T20:02:59.000Z,30.5425
2026-07-06T20:02:50.000Z,31.325
2026-07-08T20:03:07.000Z,30.8125
2026-07-10T20:52:29.000Z,31.565
2026-07-14T20:02:58.000Z,31.3025
2026-07-16T20:28:18.000Z,30.925
2026-07-20T20:54:59.000Z,30.6525
2026-07-22T20:02:59.000Z,30.9625
2026-07-24T20:59:55.000Z,30.36
2026-07-28T20:33:59.000Z,30.525
2026-07-30T20:59:58.000Z,29.8925
2026-08-03T20:59:53.000Z,31.2075
2026-08-05T20:59:53.000Z,32.025
2026-08-07T20:59:57.000Z,32.19
2026-08-11T20:59:57.000Z,32.3775
2026-08-13T20:59:55.000Z,32.7925
2026-08-17T20:59:52.000Z,32.035
2026-08-19T20:59:49.000Z,31.2325
2026-08-21T20:59:11.000Z,30.83
2026-08-25T20:59:12.000Z,30.9075
2026-08-27T20:59:52.000Z,31.3975
2026-08-31T20:59:55.000Z,31.3075
2026-09-02T20:59:58.000Z,31.1275
2026-09-04T20:59:46.000Z,31.4825
2026-09-08T20:59:54.000Z,31.1025
2026-09-10T20:59:55.000Z,30.47
2026-09-14T20:59:51.000Z,31.135
2026-09-16T20:59:58.000Z,30.885
2026-09-18T20:59:58.000Z,31.705
2026-09-22T20:59:58.000Z,32.745
2026-09-24T20:59:57.000Z,32.64
2026-09-28T20:59:51.518Z,32.5475
