timestamp_utc,mid_price
2026-01-02T21:59:30.000Z,111.795
2026-01-05T21:43:44.000Z,112.61
2026-01-06T21:51:42.000Z,113.5625
2026-01-07T21:55:21.000Z,113.2325
2026-01-08T21:58:46.000Z,113.4925
2026-01-09T21:59:24.000Z,114.33
2026-01-12T21:56:47.000Z,114.3175
2026-01-13T21:44:58.000Z,114.2675
2026-01-14T21:59:38.000Z,113.9525
2026-01-15T21:59:30.000Z,114.5275
2026-01-16T21:50:01.000Z,114.6025
2026-01-19T21:36:08.000Z,113.1325
2026-01-20T21:58:39.000Z,111.255
2026-01-21T21:59:22.000Z,112.9675
2026-01-22T21:59:48.000Z,112.725
2026-01-23T21:58:13.000Z,112.125
2026-01-26T21:59:13.000Z,112.2925
2026-01-27T21:58:39.000Z,111.6325
2026-01-28T21:59:57.000Z,112.395
2026-01-29T21:59:58.000Z,112.1975
2026-01-30T21:59:56.000Z,112.195
2026-02-02T21:59:57.000Z,113.49
2026-02-03T21:59:56.000Z,112.6725
2026-02-04T21:59:58.000Z,112.8175
2026-02-05T21:59:58.000Z,110.8425
2026-02-06T21:59:58.000Z,112.9825
2026-02-09T21:59:59.000Z,113.015
2026-02-10T21:59:58.000Z,113.235
2026-02-11T21:59:39.000Z,113.4875
2026-02-12T21:59:58.000Z,112.23
2026-02-13T21:59:57.000Z,111.89
2026-02-16T21:58:53.000Z,112.1475
2026-02-17T21:59:42.000Z,112.27
2026-02-18T21:59:55.000Z,113.37
2026-02-19T21:59:56.000Z,113.245
2026-02-20T21:59:58.000Z,113.9225
2026-02-23T21:59:55.000Z,113.0675
2026-02-24T21:59:46.000Z,113.675
2026-02-25T21:59:58.000Z,114.68
2026-02-26T21:59:53.000Z,113.8475
2026-02-27T21:59:56.000Z,113.395
2026-03-02T21:59:56.000Z,114.1725
2026-03-03T21:59:55.000Z,113.09
2026-03-04T21:59:58.000Z,113.9975
2026-03-05T21:59:58.000Z,113.08
2026-03-06T21:59:56.000Z,111.745
2026-03-09T21:59:59.000Z,112.4625
2026-03-10T21:59:58.000Z,112.8675
2026-03-11T21:59:31.000Z,112.5175
2026-03-12T21:55:58.000Z,111.7925
2026-03-13T21:59:35.000Z,111.64
2026-03-16T21:59:54.000Z,112.12
2026-03-17T21:55:34.000Z,112.305
2026-03-18T21:59:52.000Z,111.0625
2026-03-19T21:59:30.000Z,109.9975
2026-03-20T21:52:43.000Z,108.39
2026-03-23T21:59:54.000Z,109.045
2026-03-24T21:59:58.000Z,109.8625
2026-03-25T21:59:58.000Z,110.175
2026-03-26T21:59:48.000Z,108.645
2026-03-27T21:57:30.000Z,106.93
2026-03-30T20:59:59.000Z,107.1175
2026-03-31T20:59:59.000Z,109.265
2026-04-01T20:59:55.000Z,110.1475
2026-04-02T20:59:55.000Z,110.565
2026-04-07T20:59:58.000Z,110.5925
2026-04-08T20:59:56.000Z,112.825
2026-04-09T20:59:58.000Z,112.85
2026-04-10T20:59:58.000Z,112.8725
2026-04-13T20:59:59.000Z,113.53
2026-04-14T20:59:58.000Z,114.4625
2026-04-15T20:59:56.000Z,114.8575
2026-04-16T20:59:36.000Z,115.285
2026-04-17T20:59:54.000Z,116.73
2026-04-20T20:59:41.000Z,116.455
2026-04-21T20:59:58.000Z,115.9425
2026-04-22T20:59:58.000Z,116.7075
2026-04-23T20:59:57.000Z,116.5025
2026-04-24T20:59:58.000Z,116.875
2026-04-27T20:59:45.000Z,116.875
2026-04-28T20:59:55.000Z,116.6425
2026-04-29T20:59:54.000Z,116.18
2026-04-30T20:59:55.000Z,117.6775
2026-05-04T20:59:57.000Z,117.4425
2026-05-05T20:59:57.000Z,118.565
2026-05-06T20:59:59.000Z,119.9475
2026-05-07T20:59:59.000Z,118.9425
2026-05-08T20:59:52.000Z,119.5425
2026-05-11T20:59:58.000Z,119.81
2026-05-12T20:59:59.000Z,119.795
2026-05-13T20:55:01.000Z,120.895
2026-05-14T20:59:56.000Z,121.9925
2026-05-15T20:59:55.000Z,120.5325
2026-05-18T20:59:59.000Z,120.555
2026-05-19T20:59:58.000Z,120.275
2026-05-20T20:59:58.000Z,121.22
2026-05-21T20:59:55.000Z,122.055
2026-05-22T20:59:57.000Z,122.37
2026-05-25T20:59:35.000Z,123.6
2026-05-26T20:59:57.000Z,123.1325
2026-05-27T20:59:58.000Z,123.3425
2026-05-28T20:59:58.000Z,123.4225
2026-05-29T20:59:58.000Z,123.365
2026-06-01T20:59:58.000Z,123.775
2026-06-02T20:59:58.000Z,124.2425
2026-06-03T20:59:44.000Z,123.475
2026-06-04T20:59:58.000Z,123.9625
2026-06-05T20:59:58.000Z,121.345
2026-06-08T20:59:58.000Z,122.17
2026-06-09T20:59:57.000Z,121.9725
2026-06-10T20:59:56.000Z,119.865
2026-06-11T20:59:55.000Z,122.0475
2026-06-12T20:59:55.000Z,122.7625
2026-06-15T20:59:59.000Z,124.1725
2026-06-16T20:59:59.000Z,123.5875
2026-06-17T20:59:58.000Z,124.02
2026-06-18T20:59:58.000Z,125.1075
2026-06-19T20:56:50.000Z,124.625
2026-06-22T20:59:12.000Z,125.1725
2026-06-23T20:59:30.000Z,123.87
2026-06-24T20:58:22.000Z,124.4175
2026-06-25T20:59:58.000Z,124.07
2026-06-26T20:59:42.000Z,123.4725
2026-06-29T20:59:36.000Z,124.3275
2026-06-30T20:59:14.000Z,125.16
2026-07-01T20:58:10.000Z,125.4325
2026-07-02T20:59:43.000Z,125.2325
2026-07-03T20:53:12.000Z,125.75
2026-07-06T20:59:11.000Z,126.3625
2026-07-07T20:57:48.000Z,125.73
2026-07-08T20:59:57.000Z,125.0075
2026-07-09T20:58:52.000Z,126.015
2026-07-10T20:56:04.000Z,126.6475
2026-07-13T20:59:13.000Z,126.06
2026-07-14T20:54:31.000Z,126.2475
2026-07-15T20:57:29.000Z,126.245
2026-07-16T20:59:27.000Z,125.6675
2026-07-17T20:52:40.000Z,124.6975
2026-07-20T20:54:59.000Z,124.5825
2026-07-21T20:57:26.000Z,125.885
2026-07-22T20:59:28.000Z,125.7525
2026-07-23T20:58:18.000Z,124.6975
2026-07-24T20:59:10.000Z,124.845
2026-07-27T20:59:40.000Z,125.135
2026-07-28T20:54:57.000Z,125.245
2026-07-29T20:59:56.000Z,122.8875
2026-07-30T20:59:39.000Z,124.4425
2026-07-31T20:59:58.000Z,124.8
2026-08-03T20:59:50.000Z,126.3925
2026-08-04T20:59:47.000Z,128.2025
2026-08-05T20:59:15.000Z,128.055
2026-08-06T20:57:46.000Z,128.115
2026-08-07T20:58:32.000Z,128.615
2026-08-10T20:52:42.000Z,128.6725
2026-08-11T20:58:32.000Z,128.415
2026-08-12T20:30:00.000Z,129.015
2026-08-13T20:50:49.000Z,129.7025
2026-08-14T20:59:30.000Z,129.0175
2026-08-17T20:52:37.000Z,128.4
2026-08-18T20:58:47.000Z,127.3775
2026-08-19T20:59:30.000Z,126.6575
2026-08-20T20:56:14.000Z,125.7575
2026-08-21T20:51:48.000Z,126.4225
2026-08-24T20:59:02.000Z,126.2875
2026-08-25T20:48:04.000Z,126.66
2026-08-26T20:58:37.000Z,126.7975
2026-08-27T20:42:01.000Z,127.28
2026-08-28T20:58:00.000Z,127.645
2026-08-31T20:56:56.000Z,127.04
2026-09-01T20:53:13.000Z,126.205
2026-09-02T20:58:22.000Z,126.76
2026-09-03T20:59:45.000Z,127.7475
2026-09-04T20:59:08.000Z,127.62
2026-09-07T20:46:14.000Z,127.465
2026-09-08T20:59:55.000Z,126.815
2026-09-09T20:59:53.000Z,125.9825
2026-09-10T20:59:54.000Z,125.3225
2026-09-11T20:48:25.000Z,126.5525
2026-09-14T20:59:54.000Z,126.46
2026-09-15T20:59:53.000Z,125.89
2026-09-16T20:59:54.000Z,126.165
2026-09-17T20:59:16.000Z,127.4875
2026-09-18T20:59:16.000Z,127.1475
2026-09-21T20:59:57.000Z,129.09
2026-09-22T20:59:57.000Z,129.395
2026-09-23T20:59:58.000Z,128.9225
2026-09-24T20:59:40.000Z,128.8125
2026-09-25T09:51:03.665Z,129.17
