isin,name,short,type
IE00BGBN6P67,Invesco CoinShares Global Blockchain (Acc),Blockchain ETF,ETF
IE00B3YCGJ38,Invesco S&P 500 (Acc),S&P 500 ETF,ETF
IE00B4ND3602,iShares Physical Gold ETC,Gold ETC,ETC
IE00BKVD2N49,Seagate Technology Hldgs,Seagate,Aktie
US78392B1070,SK Hynix GDR,SK Hynix,Aktie
US0231351067,Amazon.com,Amazon,Aktie
US8740541094,Take-Two Interactive Softw.,Take-Two,Aktie
US0079031078,Advanced Micro Devices,AMD,Aktie
US11135F1012,Broadcom,Broadcom,Aktie
US4581401001,Intel Corp,Intel,Aktie
US5128073062,Lam Research,Lam Research,Aktie
US5738741041,Marvell Technology,Marvell,Aktie
US5951121038,Micron Technology,Micron,Aktie
US7960508882,Samsung Electronics GDR,Samsung,Aktie
US8740391003,Taiwan Semiconductor Manufact. ADR,TSMC,Aktie
US0937121079,Bloom Energy A,Bloom Energy,Aktie
US4824801009,KLA Corp,KLA,Aktie
FI0009000681,Nokia,Nokia,Aktie
LU2333563281,Tonies,Tonies,Aktie
NL0010273215,ASML Holding,ASML,Aktie
US26740W1099,D-Wave Quantum,D-Wave,Aktie
IE00B8KQN827,Eaton,Eaton,Aktie
AT0000652011,Erste Group Bank,Erste Group,Aktie
CH0114405324,Garmin,Garmin,Aktie
US69608A1088,Palantir Technologies,Palantir,Aktie
DK0061539921,Vestas Wind Systems,Vestas,Aktie
US02079K3059,Alphabet A,Alphabet,Aktie
FR0010342592,Amundi Nasdaq-100 Daily (2x) Leveraged (Acc),Nasdaq-100 2x,ETF
AT0000969985,AT&S Austria Techn.,AT&S,Aktie
US5324571083,Eli Lilly & Co,Eli Lilly,Aktie
US84615Q1031,SpaceX,SpaceX,Aktie
IT0005239360,UniCredit,UniCredit,Aktie
IE00B53SZB19,iShares Nasdaq 100 (Acc),Nasdaq-100,ETF
IE00B4L5Y983,iShares Core MSCI World (Acc),MSCI World,ETF
DE0005933931,iShares Core DAX (Acc),DAX,ETF
IE00BMC38736,VanEck Semiconductor (Acc),Halbleiter,ETF
IE00BK5BQT80,Vanguard FTSE All-World (Acc),FTSE All-World,ETF
IE00BF4RFH31,iShares MSCI World Small Cap (Acc),MSCI World Small Cap,ETF
JE00B24DK975,WisdomTree WTI Crude Oil 1x Daily Short,WTI Öl Short,ETP
US1912161007,Coca-Cola,Coca-Cola,Aktie
IE00BF01VY89,Leverage Shares 2x Alphabet ETP,Alphabet 2x,ETP
IE00BK5BZX59,Leverage Shares 3x Alphabet ETP,Alphabet 3x,ETP
LU2023678282,Amundi Global Memory Chips (Acc),Memory Chips,ETF
IE00BD1F4N50,iShares Edge MSCI USA Momentum Factor (Acc),USA Momentum,ETF
XS3091657729,WisdomTree PHLX Semiconductor 3x Daily Leveraged ETP,Halbleiter 3x,ETP
IE00BLRPRL42,WisdomTree NASDAQ 100 3x Daily Leveraged,Nasdaq-100 3x,ETP
US19247G1076,Coherent,Coherent,Aktie
US55024U1097,Lumentum Holdings,Lumentum,Aktie
US5949181045,Microsoft,Microsoft,Aktie
US67066G1040,NVIDIA,NVIDIA,Aktie
NL0009805522,Nebius Group,Nebius,Aktie
US21873S1087,CoreWeave A,CoreWeave,Aktie
US21874A1060,Core Scientific,Core Scientific,Aktie
AU0000185993,IREN Ltd,IREN,Aktie
US36828A1016,GE Vernova,GE Vernova,Aktie
US92537N1081,Vertiv Holdings A,Vertiv,Aktie
US21037T1097,Constellation Energy,Constellation,Aktie
US0255371017,American Electric Power,AEP,Aktie
US92840M1027,Vistra Corp,Vistra,Aktie
US2333311072,DTE Energy,DTE Energy,Aktie
US3379321074,FirstEnergy,FirstEnergy,Aktie
US6293775085,NRG Energy,NRG Energy,Aktie
US1258961002,CMS Energy,CMS Energy,Aktie
US83418M1036,Solaris Energy Infrastructure,Solaris Energy,Aktie
