isin,name,short,group,shares,ref_date,ref_price,gv_ref,cost_basis,note
IE00BGBN6P67,Invesco CoinShares Global Blockchain (Acc),Blockchain ETF,ETFs,2,2026-09-02,157.68,46,269.36,
IE00B3YCGJ38,Invesco S&P 500 (Acc),S&P 500 ETF,ETFs,124,2026-09-02,13.23,448,1192.52,
IE00B4ND3602,iShares Physical Gold ETC,Gold ETC,ETFs,8,2026-09-02,72.41,40,539.28,
IE00BKVD2N49,Seagate Technology Hldgs,Seagate,20 Jahre plus Long Long Term,36,2026-09-02,701.0,7180,18056.0,
US78392B1070,SK Hynix GDR,SK Hynix,20 Jahre plus Long Long Term,31,2026-09-02,1020.0,8066,23554.0,
US0231351067,Amazon.com,Amazon,HighPlayers,49,2026-09-02,219.75,1136,9631.75,
US8740541094,Take-Two Interactive Softw.,Take-Two,HighPlayers,115,2026-09-02,187.59,1579,19993.85,
US0079031078,Advanced Micro Devices,AMD,High Players Semiconductors,60,2026-09-02,395.18,10997,12713.8,
US11135F1012,Broadcom,Broadcom,High Players Semiconductors,25,2026-09-02,320.12,2217,5786.0,
US4581401001,Intel Corp,Intel,High Players Semiconductors,270,2026-09-02,76.42,5255,15378.4,
US5128073062,Lam Research,Lam Research,High Players Semiconductors,135,2026-09-02,249.72,9901,23811.2,
US5738741041,Marvell Technology,Marvell,High Players Semiconductors,68,2026-09-02,178.97,-2547,14716.96,
US5951121038,Micron Technology,Micron,High Players Semiconductors,94,2026-09-02,803.75,28962,46590.5,
US7960508882,Samsung Electronics GDR,Samsung,High Players Semiconductors,12,2026-09-02,3975.0,15554,32146.0,
US8740391003,Taiwan Semiconductor Manufact. ADR,TSMC,High Players Semiconductors,19,2026-09-02,357.0,3031,3752.0,G/V aus Gruppensumme abgeleitet (Screenshot abgeschnitten)
US0937121079,Bloom Energy A,Bloom Energy,Medium Players,12,2026-09-02,182.35,-962,3150.2,
US4824801009,KLA Corp,KLA,Medium Players,10,2026-09-02,147.41,310,1164.1,
FI0009000681,Nokia,Nokia,Medium Players,146,2026-09-02,8.66,264,1000.36,
LU2333563281,Tonies,Tonies,Medium Players,200,2026-09-02,11.68,576,1760.0,
NL0010273215,ASML Holding,ASML,Small Players,1,2026-09-02,1432.0,385,1047.0,
US26740W1099,D-Wave Quantum,D-Wave,Small Players,38,2026-09-02,14.27,-450,992.26,
IE00B8KQN827,Eaton,Eaton,Small Players,3,2026-09-02,337.8,-206,1219.4,
AT0000652011,Erste Group Bank,Erste Group,Small Players,3,2026-09-02,122.15,51,315.45,
CH0114405324,Garmin,Garmin,Small Players,5,2026-09-02,237.55,213,974.75,
US69608A1088,Palantir Technologies,Palantir,Small Players,13,2026-09-02,154.64,29,1981.32,
DK0061539921,Vestas Wind Systems,Vestas,Small Players,40,2026-09-02,27.78,125,986.2,
US02079K3059,Alphabet A,Alphabet,Ohne Gruppe,10,2026-09-02,290.9,-66,2975.0,
FR0010342592,Amundi Nasdaq-100 Daily (2x) Leveraged (Acc),Nasdaq-100 2x,Ohne Gruppe,4961,2026-09-02,9.23,-1182,46972.03,
AT0000969985,AT&S Austria Techn.,AT&S,Ohne Gruppe,477,2026-09-02,143.7,1940,66604.9,
US5324571083,Eli Lilly & Co,Eli Lilly,Ohne Gruppe,1,2026-09-02,1001.35,165,836.35,
US84615Q1031,SpaceX,SpaceX,Ohne Gruppe,48,2026-09-02,122.65,-205,6092.2,
IT0005239360,UniCredit,UniCredit,Ohne Gruppe,56,2026-09-02,82.94,635,4009.64,
