date,status,asof_utc,IE00BGBN6P67,IE00B3YCGJ38,IE00B4ND3602,IE00BKVD2N49,US78392B1070,US0231351067,US8740541094,US0079031078,US11135F1012,US4581401001,US5128073062,US5738741041,US5951121038,US7960508882,US8740391003,US0937121079,US4824801009,FI0009000681,LU2333563281,NL0010273215,US26740W1099,IE00B8KQN827,AT0000652011,CH0114405324,US69608A1088,DK0061539921,US02079K3059,FR0010342592,AT0000969985,US5324571083,US84615Q1031,IT0005239360,IE00B53SZB19,IE00B4L5Y983,DE0005933931,IE00BMC38736,IE00BK5BQT80,IE00BF4RFH31,JE00B24DK975,US1912161007,IE00BF01VY89,IE00BK5BZX59,LU2023678282,IE00BD1F4N50,XS3091657729,IE00BLRPRL42,US19247G1076,US55024U1097,US5949181045,US67066G1040,NL0009805522,US21873S1087,US21874A1060,AU0000185993,US36828A1016,US92537N1081,US21037T1097,US0255371017,US92840M1027,US2333311072,US3379321074,US6293775085,US1258961002,US83418M1036,FR0010755611,US80004C2008,NL0000226223,US0381692070,US7672921050,US18452B2097,US4869171078,KYG961151035,KYG114481008,US35834F1049
2026-01-02,final,,135.93,11.669,71.985,245.325,407,193.31,214.625,190.85,296.5,33.7025,158.05,76.27,271.125,1920,273,84.305,108.74,5.563,10.33,992.1,23.945,279.25,104,173,144.3,23.92,268.9,7.2795,32.725,921.55,,71.64,1233.6,111.795,203.325,55.005,145.88,7.797,15.8865,58.97,196.833,159.375,15.863,14.884,41.116,263.73,165.75,329.4,403.275,160.97,77,68,13.65,36.54,579,150.06,312.45,98.9,141.2,111.5,38.6,141.825,60,42.9,24.9025,,23.47,24,12.103,9.846,,,9.85,6.75
2026-01-05,final,,143.5,11.744,73.7925,247.275,415.5,198.67,219.5,188.78,292.475,33.59,166.32,77.445,266.925,2055,276,88.71,115.56,5.549,10.37,1047,26.145,274.925,104.95,174,148.49,24.57,270.15,7.391,33.725,887.75,,71.645,1242.6,112.61,205.775,55.91,147,7.902,15.619,58.07,193.843,160.545,15.921,15.034,41.949,269.11,159,304.6,403.15,160.01,79.25,65.7,14.3,41.025,581,148.6,303.475,97.3,146.275,109.5,38.3,138.275,59.5,45.2,25.3125,,23.44,25.85,12.669,10.515,,,10.65,7
2026-01-06,final,,143.58,11.8548,74.7075,283.275,450,206.1,217.575,183.18,294.65,34.2025,177.12,75.525,295.1,2050,280,88.32,119.31,5.491,10.59,1061,26.73,285.05,104.7,179,153.54,25.05,269.025,7.5565,34.025,911.15,,71.21,1258.7,113.5625,206.725,57.665,148.15,8.0075,16.0245,58.105,196.2865,157.84,16.076,15.186,46.09,278.24,165.75,340.05,409.575,160.61,86,66.7,14.4,39.585,587,149.7,303.225,98.5,145.05,111.5,38.4,136.6,60,45.3,25.74,,25.0375,26,12.965,10.4025,,,10.3,6.6
2026-01-07,final,,141.63,11.8282,74.2175,264.05,444.5,206.9,219.825,179.46,294,36.455,173.77,72.555,291.625,2070,273.25,92.505,116.32,5.81,10.87,1051.2,25.945,276.5,103.85,180,159.28,24.895,275.925,7.576,34.525,948.2,,70.21,1260.2,113.2325,208.025,57.06,147.75,7.998,16.1825,57.875,190.0645,169.8,16.153,15.16,44.304,278.36,164,336.4,414.075,161.98,83.25,67.3,13.95,37.695,568,146.95,292.05,97.4,133.675,109.5,38.1,127.5,59.5,43.8,25.62,,24.71,27.25,13.068,10.2325,,,9.85,6.3
2026-01-08,final,,141.39,11.8602,74.4575,244.1,444,211.2,216.5,175.61,285.125,35.8725,172.37,71.61,280.35,2002.5,272.75,104.7,113.6,5.605,10.75,1025.8,25.135,275.525,104.55,183,151.58,24.295,279.125,7.509,32.825,930.95,,71.055,1256.6,113.4925,208.525,56.195,148.05,8.0665,15.6385,59.38,199.0995,175.17,16.006,14.958,42.047,275.05,148.5,298.7,410.125,158.76,83.75,66.1,14.35,39.285,540,138.24,277.45,99.4,129.5,111.5,38.3,123.075,60,43.5,25.785,,24.12,27.5,13,10.2875,,,10.05,5.95
2026-01-09,final,,142.46,11.9285,75.335,261.2,454.5,212.5,215.525,174.65,296.075,39.0925,187.6,71.55,296.675,2090,278.25,114.86,120.27,5.583,10.87,1092.2,24.38,278.85,103.45,182.5,152.5,24.605,282.5,7.646,32.25,915.05,,70.53,1269.2,114.33,209.375,58.06,149.09,8.156,15.5615,60.565,212.8975,179.755,16.106,15.171,45.647,282.42,152.75,302,411.725,158.98,84.75,68.9,14.75,39.885,535.5,140.5,293.875,100.25,143.075,111.5,38.4,128.25,60,45.6,26.105,,24.8575,32.25,13.185,10.05,,,9.89,6
2026-01-12,final,,144.38,11.923,76.705,275.575,444.5,211.125,213.325,178,301.825,37.83,188.91,71.09,296.575,2050,284.5,117.28,122.45,5.629,10.86,1096.2,24.605,281.725,104.05,181,153.67,24.03,284.65,7.635,34.025,927.1,,71.34,1266.8,114.3175,210.625,58.23,149.28,8.1545,15.266,60.41,206.2085,185.555,16.146,15.247,46.039,281.72,158.5,291.35,408.675,158.46,91.75,76.6,15.05,42.98,548.5,145.31,287.875,99.7,147.975,111.5,38.3,127.6,60,44.1,25.985,,24.3175,32.6,14.07,10.25,,,10.55,6.25
2026-01-13,final,,145.33,11.9235,76.58,274.1,425.5,208.45,212.525,190.03,304.375,40.6375,185.34,71.395,291.025,1962.5,284.75,120.66,123.96,5.593,10.77,1089.7,24.805,285.375,104.6,184,153.66,24.365,288.9,7.627,33.85,925.8,,71.575,1267.6,114.2675,210.325,58.595,149.12,8.1325,14.9975,61.125,221.3155,192.115,16.182,15.347,47.213,281.16,163.25,310.35,403.6,159.33,90.75,75.1,15.5,45.465,560.5,148.32,286.5,100.25,147.275,113.5,38.9,129.35,60.5,45.4,26.025,,24.4825,31.5,14.456,10.7725,,,10.95,6.85
2026-01-14,final,,146.64,11.86,77.205,268.125,428,203.3,210.8,191.8,290.5,41.695,179.93,69.76,284.925,2035,280.75,114.5,123.3,5.525,10.65,1083.8,25.795,283.95,104.85,182,152.8,25.245,288.2,7.46,34.15,921.75,,71.52,1253.4,113.9525,209.625,58.075,148.79,8.168,14.9635,61.315,220.4775,190.905,16.106,15.167,46.342,271.91,158.25,284.8,394.825,157.1,87.75,77.1,15.4,45.34,553.5,146.57,283.575,101.5,145.1,115.5,39.6,128.7,60.75,44.7,25.705,,24.0925,31,14.865,11.4375,,,12.7,6.75
2026-01-15,final,,146.87,11.938,77.2075,275.9,447.5,204.95,210.425,196.95,294.425,41.68,187.88,69.37,291.325,2145,294,120.56,133.12,5.723,10.73,1146.9,25.01,287.225,105.25,183,152.61,24.785,286.55,7.536,35.525,889.1,,72.47,1262.7,114.5275,209.225,59.77,149.65,8.2595,15.408,60.75,217.4175,186.85,16.115,15.349,49.1175,275.51,168.75,298,393.65,161.29,90,81.6,15.5,44.975,553,149.08,293.875,102.75,155.55,115.5,40.2,136.525,61.25,47.8,26.07,,24.2425,30.3,14.355,11.0425,,,13.175,6.45
2026-01-16,final,,150.3,11.9402,76.9625,281.3,449.5,206.15,206.975,199.74,302.8,40.65,192.22,69.385,312.9,2185,295.25,129.14,135.13,5.711,10.89,1172,24.955,296.525,105,183,147.67,24.72,284.525,7.5295,36.25,895.85,,72.605,1262.5,114.6025,209.6,60.61,149.79,8.2795,15.411,60.72,215.4585,183.455,16.099,15.422,50.996,275.19,164.5,279.45,396.675,160.67,93.75,87.5,16.3,49.905,588,153.11,265.425,103.5,144.225,116.5,40.8,131.075,61.75,49.1,26.08,,24.2025,32.25,16.654,11.555,,,13.575,7.1
2026-01-19,final,,145.8,11.7792,78.3775,280.7,439.5,201.3,203.775,194.57,295.975,39.56,186.72,66.605,310.525,2195,293.75,125.01,133.17,5.627,10.43,1116.1,24.18,297.425,104.25,181.5,143.87,24.305,278.95,7.332,36.05,879.45,,71.525,1242.7,113.1325,206.7,59.155,148.18,8.1905,15.2965,60.215,202.473,172.755,15.808,15.156,48.005,264.88,162.5,271.55,388.9,156.3,89.75,82.1,15.95,47.4475,573,148.26,260.625,103,139.55,116.5,40,129.55,61.5,48.2,25.4275,,23.115,30.6,15.701,11.0025,,,12.75,6.875
2026-01-20,final,,142.95,11.5748,78.99,278.175,427.5,197.11,205.225,198.1,285.125,41.585,189.77,68.22,312.875,2105,280.25,129.45,127.17,5.497,10.62,1131.2,23.03,288.2,103.45,171.5,143.82,23.805,273.525,7.1385,36,888.8,,70.77,1222.6,111.255,203.35,58.675,145.6,8.0985,15.172,61.175,205.548,164.765,15.585,14.906,48.455,255.11,165.25,304.4,388.025,152.44,84.5,80.7,15.7,46.2,584.5,149.11,252.075,101.75,133.875,115.5,40.3,126.975,60.75,46.9,24.47,,23.175,30.2,15.458,10.87,,,12.4,7.1
2026-01-21,final,,144.18,11.7462,80.25,295.725,445.5,198.22,203.85,214.8,282.05,46.7525,195.11,70.92,335.325,2240,280.25,129.22,130.02,5.555,10.72,1165,22.51,289.45,105,175,142.44,23.895,281.425,7.366,38.3,923.4,,71.145,1244.7,112.9675,206.05,60.905,147.95,8.2695,14.945,61.61,198.368,179.065,15.876,15.111,52.5975,266.28,173.75,311.25,381.05,156.97,85,80.8,15.6,46.22,573.5,155.46,252.925,102,137.05,117.5,40.6,128.9,61.25,49.2,25.1675,,24.4725,30.1,14.855,11.02,,,12.25,6.45
2026-01-22,final,,143.69,11.7252,81.435,294.3,447,199.32,205.1,214.475,277.175,43.28,187.69,70.63,335.65,2220,278.5,123.11,127.37,5.573,11.12,1183.6,23.25,283.725,107.4,175,140.72,24.235,280.85,7.3955,40.025,924.7,,72.385,1243.3,112.725,205.7,60.32,147.58,8.2845,15.0925,61.155,213.2515,178.155,15.916,14.977,52.72,269.01,172.5,301.6,383.7,156.73,82.5,78.1,15.4,44.505,563,153.93,244.45,99.6,136.475,115.5,40.1,128.55,60.5,48.3,25.0925,,24.6775,29.5,14.494,11.2025,,,11.925,7.15
2026-01-23,final,,144.69,11.6488,81.7825,292.6,449.5,201.825,207.775,219.375,270.5,38.0625,183.82,67.755,337.325,2215,283,122.16,127.75,5.723,11.19,1171.6,21.735,279.25,108.3,174,143.24,24.135,276.775,7.381,40.35,900.2,,71.585,1238.6,112.125,206,59.745,146.94,8.1695,14.6225,61.52,209.754,171.295,15.704,14.854,50.061,269.03,166.25,286.2,393.725,158.51,79.75,79,15.9,47.61,555,153.87,244.2,98.6,135.3,113.5,39.4,126,60,45.1,24.845,,24.5375,31.7,14.615,11.5825,,,12.25,7.25
2026-01-26,final,,141.33,11.669,82.005,302.275,437.5,200.725,206.775,211.025,273.5,35.665,187.6,68.835,327.375,2235,280.25,116.84,129.84,5.793,11.04,1188.2,20.23,279.4,107.95,174,140.92,25.935,280.7,7.452,40.275,894.4,,72.3,1241.8,112.2925,206.475,59.295,147.14,8.151,14.6445,61.095,,182.265,15.806,14.886,48.9625,273.35,166.5,279.9,396.625,156.79,77,83.3,16.05,44.65,561,152.46,240.225,99.3,133.65,114.5,39.4,126.2,60.25,43.8,24.8175,,24.035,30.5,13.737,10.47,,,11.6,6.8
2026-01-27,final,,144.49,11.57,83.5475,306.4,478.5,203.425,203.875,209.8,277.075,36.695,198.82,68.935,341.75,2335,281.75,126.83,135.58,5.777,10.83,1213.8,20.535,283.45,109.45,168.5,137.41,25.465,278.15,7.495,40.875,866.6,,73.735,1237.4,111.6325,205.925,60.37,146.5,8.076,14.071,61.045,,179.35,15.717,14.878,53.8575,277.53,178.25,308.45,399.5,156.84,81.75,91.5,16.575,49.5,576.5,157.18,240.05,99.2,136.225,113.5,39.4,129.575,60,44.7,24.505,,24.3825,34.4,14.55,10.9875,,,11.95,7.55
2026-01-28,final,,145.22,11.6645,88.6025,375.6,512,203.65,203.45,213.35,279.9,40.925,203.5,70.225,371.525,2355,287,139.31,137.48,5.669,10.32,1197.7,20.915,291.1,110.05,171,133.72,25.54,285.35,7.6395,40.1,850.8,,72.27,1255.4,112.395,206.1,61.965,147.47,8.0875,13.9605,61.11,,191.98,15.906,15.085,57.225,284.37,185.5,327.1,383.75,160.82,84.75,89.6,16.5,52.52,599,162.53,241.5,100.1,138.45,114,39.6,129.775,60,45,24.895,,25.4375,33.8,14.741,11.2975,,18.65,11.675,8
2026-01-29,final,,141.05,11.6102,87.5925,382.625,497.5,201.9,199.375,209.975,275.675,40.37,203.925,67.815,372.75,2330,283.5,130,129.97,5.278,10.09,1210.4,19.3425,295.975,108.75,171,126.88,25.06,282.35,7.4705,39.475,854.1,,72.62,1239.3,112.1975,202.7,61.45,147.05,8.095,13.528,61.22,,186.1,15.686,14.886,52.3925,275.31,181,321.65,363.875,160.43,79.5,83.3,15.825,50.13,598.5,162.06,240.025,99.5,135.75,112.5,39.8,128.425,59,47,24.5775,,23.7325,31.8,14.185,10.54,,18.35,11.1,7.425
2026-01-30,final,,137.99,11.6782,78.595,342.7,512,202.275,186.4,199.965,279.45,39.07,196.9,66.535,348.9,2300,279,127.49,120.29,5.413,10.29,1199.3,18.0125,296.2,109.85,170,124.09,25.335,284.775,7.34,37.325,874.8,,73.515,1234.3,112.195,202.825,59.985,147.34,8.0625,13.631,63.065,,190.5,15.593,14.777,50.08,266.99,178.5,333.5,362.575,160.69,71.75,78.6,15.2,45.555,612.5,157.44,237.125,100.75,133.625,112.5,39.9,128.85,60.25,46.6,24.5975,,23.585,28.75,13.116,9.957,,16.45,11,7.075
2026-02-02,final,,135.49,11.8122,76.955,368.05,522,206.025,187.94,213.35,283.1,41.4675,202.625,66.865,373.425,2300,290.5,133.31,120.11,5.582,10.37,1222.2,17.9175,304.875,109.75,175,134.64,26.31,292.475,7.521,40.575,886,,75.12,1253.6,113.49,205.625,61.64,148.83,8.1335,14.3905,63.885,,203.515,15.839,14.945,53.91,275.54,188.5,357.9,358.55,156.95,75.25,75.2,15.175,45.65,640.5,161.16,229.75,100.25,131.25,112.5,39.9,125.475,59.75,48.1,25.2,,24.3325,29.8,13.053,9.431,,16.55,11.2,7.375
2026-02-03,final,,132.97,11.6742,81.7825,374.825,527,202.1,188.68,193.66,268.35,41.725,193.92,63.68,354.75,2415,284,141.92,114.59,5.65,10.22,1182.8,18.0125,306.475,110.75,170.5,132.7,26.365,288.75,7.247,45.7,851.95,,76.595,1227.7,112.6725,205.075,59.34,147.64,8.17,13.9875,65.01,,197.78,15.427,14.837,48.8825,260.69,208,409.1,348.1,152.12,75.75,75.8,15.1,45.56,659.5,160.09,226.3,102.25,129.675,114.5,39.6,128.725,60.75,47.9,24.85,,23.4225,30.75,12.926,9.555,,15.6,10.95,7.675
2026-02-04,final,,126.1,11.672,81.6875,362.45,492,197.72,169.86,173.09,275.275,41.715,181.22,63.32,332.5,2305,282,129.22,113.32,5.759,10.51,1142.3,16.7525,314.9,109.3,173.5,118.71,25.815,289.35,7.0885,49.05,933.8,,76.205,1214.8,112.8175,203.825,57.73,147.76,8.1995,13.841,65.495,,196.455,15.32,14.403,44.823,251.24,181,417.55,349.025,150.29,70.5,72,13.75,38.87,646,156.42,213.05,101.5,121.775,114.5,39.3,121.975,60.75,41.1,24.8875,,24.7625,27.25,12.057,8.712,,13.7,10.6,6.7
2026-02-05,final,,117.91,11.4738,78.7625,339.075,479,170.48,164.14,159.13,258.9,40.3825,179.17,62.125,314.85,2290,275.5,128.42,113.09,5.825,10.81,1140.2,13.8075,299.35,105.8,169.5,106.68,23.71,277.725,6.7115,48.75,864.65,,73.465,1184,110.8425,202.25,56.225,145.66,8.1105,14.1125,66.83,,172.615,14.977,14.011,42.021,232.48,175.5,414.35,333.175,145.54,58.75,60.8,12.575,29.4875,618,148.86,210.15,103.25,120.425,116.5,40.1,122.575,61.75,39.1,23.665,,24.495,21.35,10.038,6.555,,12.25,9.34,5.925
2026-02-06,final,,127.67,11.6925,81.3875,363.8,518,177.59,165.48,175.77,281.35,42.71,194.62,67.98,334.1,2400,296,121.53,122.08,5.965,11,1191.5,17.5225,316.05,107.35,171,114.74,22.08,273.075,7.061,50.15,904.1,,74.42,1213.7,112.9825,205.175,59.69,148.38,8.268,13.9825,66.815,,163.815,15.377,14.673,49.8645,251.04,193,469.9,339.175,156.94,73,76.1,14.2,35.785,659.5,164.44,221.275,102.25,126.875,114.5,39.3,130.525,61.75,43.7,24.7225,,25.235,29.2,12.182,8.521,,15.7,10.625,6.975
2026-02-09,final,,130.61,11.6642,82.335,356.975,522,175.45,173.19,180.85,289.75,42.24,192.12,69.32,321.325,2455,298.25,131.02,121,5.985,11.78,1198.9,17.7975,316.55,109.2,173,120.67,22.165,272.75,7.1445,52.85,877.95,,79.16,1216.4,113.015,207.125,59.885,148.31,8.289,13.6855,65.43,,165.125,15.457,14.855,52.0325,255.75,199.25,484.4,347.875,159.46,77.75,81.2,15.65,38.785,674,171.07,228.575,101.75,128.325,113.5,39.3,130.675,61,44.4,24.655,,27.3625,31.95,12.539,8.514,,16.7,11.15,6.45
2026-02-10,final,,130,11.6575,82.0825,333.95,511,174.44,176.8,179.79,286.6,39.63,190.49,68.83,313.1,2385,304,124.55,120.3,5.973,11.56,1189.4,17.195,317.95,107.65,175.5,117.48,21.86,267.825,7.099,51.4,863.75,,77.045,1213.3,113.235,206.9,59.475,148.53,8.336,13.74,64.58,,156.455,15.515,14.779,50.694,252.73,191.75,468.25,347.7,158.58,77.25,79.4,15.175,36.3275,664.5,168.46,228.225,102.5,133.725,116.5,40,131.45,62.25,44.6,24.68,,28.0925,31.2,12.444,8.458,,16.25,10.3,6.525
2026-02-11,final,,127.66,11.6732,83.26,342.85,520,172.23,172.92,179.63,288.75,40.5525,198.82,68.5,348.95,2475,314.75,130.61,124.98,6.137,11.55,1209.7,16.48,333.975,107.95,173.5,114.48,21.295,262.65,7.1295,51.4,854.4,,74.76,1216.9,113.4875,206.225,61.35,149.35,8.358,13.608,66.28,,146.485,15.393,14.825,54.8675,254.5,188.75,483.65,341.25,160.44,75.25,79.9,15.225,35.805,693.5,208.625,233.3,103,134.875,117.5,40.4,135.1,62.75,45.3,24.7075,,29.37,30.85,12.481,8.1,,15.8,10.1,5.775
2026-02-12,final,,124.79,11.5032,80.4475,365.55,528,168.16,160.9,174.46,279.9,39.1525,199.36,66.105,351.65,2540,312.75,117.68,123.63,5.871,11.11,1206.6,15.9725,329.725,106.5,171.5,108.72,20.88,260.8,6.8685,48.2,876.9,,74.475,1196.5,112.23,206.125,60.685,147.48,8.214,14.016,66.545,,143.485,15.243,14.522,51.875,240.23,183.25,494.35,338.85,158.3,75.25,81,14.75,34.195,691.5,199.41,232.175,107.25,137.525,119.5,41.3,136.325,63.25,49.75,24.095,,28.285,30.4,12.028,7.871,,15.3,8.9,5.225
2026-02-13,final,,128.29,11.4875,82.58,358.9,531,167.45,163.36,174.5,274,39.3575,197.96,66.23,346.075,2655,309,116.76,123.3,5.933,11.01,1183.3,16.48,327.55,101.75,181,111.22,20.56,257.575,6.8515,48.1,876.7,,71.37,1194.1,111.89,206.05,60.18,147.33,8.2875,14.039,66.415,,138.25,15.174,14.571,51.08,240.09,182,465.7,337.275,154.25,81.75,80,15.075,35.44,675.5,196.96,243.55,109.25,144.4,122.5,42.2,145.225,64.75,47.9,23.925,,28.205,29.55,12.821,8.26,,16.45,8.51,5.175
2026-02-16,final,,128.1,11.5198,81.2925,357.8,524,169.03,165.49,174.26,275.2,39.225,200,66.12,342.65,2690,313.25,120,124.28,5.954,11.07,1194,16.785,330.5,103.05,181.5,109.3,21.08,257.425,6.8375,50.95,884.35,,71.97,1195.5,112.1475,205.45,60.245,147.62,8.2955,13.8645,66.1,,137.325,15.196,14.583,51.5125,238.71,183.75,476.4,340.4,154.43,82,80.1,15,35.5725,677.5,198.37,245.475,109.25,145.15,122.5,42.9,145.55,64.75,48.4,23.9875,,27.88,29.6,12.741,8.261,,16.4,8.63,5.15
2026-02-17,final,,125.63,11.532,79.9475,350.75,515,169.59,163.57,165.04,277.875,38.955,198.32,66.64,335.225,2585,308.25,122.08,124.16,6.146,11.05,1198.9,15.5,330.3,104.55,184.5,112.05,21.215,254.1,6.851,51.3,876.05,,73.345,1195.1,112.27,207.225,60.225,147.8,8.306,14.161,67.135,,131.97,15.139,14.622,50.736,238.82,185,506.1,334.4,157.66,81.5,76.6,14.7,34.425,691,205.65,254.875,109.25,146.15,120.5,41.6,146.275,64.25,44.3,24.13,,27.99,26.25,12.34,7.815,,15.5,8.01,5.425
2026-02-18,final,,127.84,11.6522,81.9325,360.275,524,173.83,169.13,169.44,282.4,38.525,204,66.945,358.975,2670,307.75,133.06,125.44,6.306,11.21,1245,16.19,322.575,107.2,201,114.94,21.185,257.675,6.991,51.55,864.8,,74.915,1210.5,113.37,208.8,61.42,149.29,8.3775,13.6255,67.41,,136.51,15.25,14.843,53.59,245.51,190.25,507.3,339.65,159.36,86.25,81.2,14.7,35.675,694.5,206.45,249.3,108.25,144.74,121.5,41.5275,145.2,63.75,43.1,24.535,,28.695,26.95,13.157,7.86,,14.75,8.16,5.475
2026-02-19,final,,128.17,11.636,82.4825,346.675,523,173.9,172,172.42,283.125,37.8125,200.785,67.585,353.55,2790,306,134.98,124.72,6.45,11.41,1234.5,16.4625,320.525,106.85,204,114.33,21.395,257.375,6.9455,49.875,868.1,,73.04,1207.7,113.245,207.075,61.22,149.12,8.377,13.3035,67.03,,134.745,15.24,14.874,51.79,242.67,196.5,539.95,338.125,159.14,91,82.6,15.25,36.5,708.65,205.9,247.375,109.5,146.3,123.5,42.1025,149.875,63.75,42.4,24.5625,,28.21,26.65,13.809,8.29,,15.2,6.65,5.375
2026-02-20,final,,127.15,11.7072,84.025,349.2,571,178.23,169.47,169.7,282.325,37.42,207.425,67.305,362.425,2860,313.75,125.53,126.8,6.593,11.66,1249.5,15.275,317.05,106.25,211,114.52,21.385,267.375,7.0745,50.8,858,,73.885,1218.1,113.9225,208.875,61.925,150.23,8.4195,13.346,67.56,,150.79,15.272,14.93,54.2025,249.83,211.5,567.2,337.1,160.87,83,74.9,14.65,34.16,705,206.325,250.45,109.25,145.3,123.5,42.3,152.1,64.25,41.8,24.7775,,28.525,24.6,13.292,8.165,,14.4,6.62,5.275
2026-02-23,final,,125.15,11.5902,86.0375,346.225,566,174.17,165.96,166.83,279.925,37.0475,205.65,65.995,356.55,2820,314.25,135.4,126.43,6.422,11.61,1258.5,15.2525,307.6,107.55,209.675,110.78,21.245,264.875,6.9055,53.75,895.45,,73.67,1203.3,113.0675,206.725,61.43,149.06,8.4155,13.348,68.365,,148.695,14.833,14.602,51.8375,241.01,212,571.4,325.975,162.65,85.25,77.2,14.375,35.81,706,208.1,250.375,112.5,141.975,123.5,42.795,149.7,64.75,42.9,24.34,,28.67,25.5,13.266,8.335,,14.4,6.8,5.3
2026-02-24,final,,128.36,11.6832,84.81,336.15,613,177.15,172.52,181.53,275.725,38.9825,207.3,66.34,354.375,3015,327.75,141.13,128.4,6.343,11.48,1272.4,15.8525,317.875,103.25,214,109.13,21.245,263.9,7.039,54.85,887.1,,72.845,1215.9,113.675,207.225,62.77,150.16,8.347,13.4115,68.58,,145.22,15.006,14.782,55.95,248.21,216.725,586.2,329.7,163.63,86.75,84,15.15,38.4,748.15,216.05,264.825,112.25,145.525,123.5,42.6,156.725,65.25,44.3,24.5625,,28.9175,26,13.959,8.785,,15,7.11,6.025
2026-02-25,final,,131.41,11.7718,84.89,359.1,653,178.57,175.97,177.56,282.825,39.8025,211.7,68.93,364.75,3065,333.75,150.03,131.01,6.438,11.38,1298,17.105,317.4,104.9,213,113.89,21.515,264.625,7.268,51.3,872.3,,74.185,1234.4,114.68,208.75,64,151.42,8.3765,13.476,68.085,,145.88,15.235,15.042,58.695,259.16,230.5,620.25,339,170.28,91.25,84.3,15.3,37.815,742.15,225.45,276.225,111.5,149.625,123,42.5,155.45,64.75,46.3,24.9975,,29.185,25.05,14.496,8.8825,,15.7,7.25,6.125
2026-02-26,final,,132.79,11.678,85.18,346.325,645,175.8,180.84,172.55,269.1,38.435,202.325,67.035,350.825,3140,319.25,141.97,129.28,6.326,11.63,1240.4,16.96,316.6,102.25,215.4,115.7,21.405,260.125,7.024,50.85,865.35,,73.75,1214.6,113.8475,209.575,61.725,150.39,8.4375,13.495,68.21,,138.065,15.109,14.89,52.2475,248.28,212,576.4,334.525,157.05,87.25,76.8,15.1,36.71,740.9,218.775,273.575,112.5,148.425,124.28,42.9175,153.67,65.285,43.6,24.6275,,29.0225,24.05,14.43,8.795,,15.75,6.75,6.15
2026-02-27,final,,129.01,11.6185,86.7175,344.175,606,177.79,179.58,168.93,269.95,38.445,197.59,68.95,348.475,3050,316.75,131.45,128.44,6.521,11.57,1223.4,15.765,317.35,99.325,213.95,115.8,21.625,262.525,6.9825,50.75,888.2,,72.05,1209,113.395,208.275,60.45,149.78,8.416,13.0895,68.895,,142.065,15.077,14.748,50.15,245.38,218.7,592.9,334.35,150.24,77.25,67.7,14.425,34.67,738,214.55,276.55,113.24,146.025,125.44,43.6,151.38,65.75,42.5,24.3175,,28.42,22.9,13.705,8.455,,14.2,6.51,5.2
2026-03-02,final,,133.16,11.7485,88.65,324.15,630,178,181.42,169.65,271.475,38.845,197.42,69.09,352.2,3050,316.25,141.59,130.42,7.021,11.36,1213.4,16.0825,322.675,98.7,218.275,124.36,21.515,261.75,7.0825,50.85,872.5,,70.13,1225.2,114.1725,203.65,61.18,150.32,8.44,12.55,68.6,,137.42,15.189,14.971,50.5015,248.76,256.175,670.6,340.775,155.73,77.75,66.8,14.175,35.28,753.6,220.325,279.475,113.99,142.625,126.26,43.6075,144.56,66.775,42.2,24.8975,,28.53,23.9,13.94,9.0065,,14.8,6.64,5.85
2026-03-03,final,,127.54,11.7118,85.65,306.45,548,178.95,186.85,164.06,269.625,37.035,186.91,66.78,324.8,2770,304.25,130.9,123.79,6.929,10.99,1171,15.695,305.3,95.575,215.875,126.87,20.925,260.225,6.9675,46.175,866.9,,67.66,1218.6,113.09,198.63,58.82,148.29,8.307,12.0895,68.325,,133.885,15.059,14.65,44.075,242.17,241,591.6,347.225,154.63,75,63.1,13.2,33.315,725.35,209.35,276.975,113.51,138.67,127.66,43.535,136.025,67.005,41,24.69,,27.175,22.4,13.143,8.487,,13.4,6.5,5.625
2026-03-04,final,,133.87,11.7882,85.8625,322.95,569,186.31,185.41,173.77,274.075,39.2575,191.91,67.19,345.125,2875,307.75,141.34,126.6,7.015,11.11,1202.2,16.145,305.025,99.4,215,131.44,21.61,260.5,7.1755,50.2,860.1,,69.195,1236.1,113.9975,200.525,60.235,149.44,8.3315,11.953,67.125,,135.065,15.227,14.844,47.305,253.32,236,582.3,348.75,157.05,83.75,68.2,13.625,36.9925,724.5,216.15,277.75,114.75,140.65,128.5,43.66,141.625,67.125,43,25.0725,,28.49,24.6,14.29,9.145,,14.5,6.81,6.075
2026-03-05,final,,130.89,11.7422,84.7325,315.575,531,187.94,182.57,170.84,285.175,39.515,184.13,72.69,340.1,2620,305,136.68,122.77,6.76,10.71,1175.3,16.1,305.6,96.575,206.85,131.18,21.325,258.725,7.145,46.6,844.5,,67.08,1235.2,113.08,197.23,59.68,147.99,8.2385,11.567,66.33,,130.84,15.228,14.626,45.733,251.25,218.425,554.4,353.45,157.18,82,64.2,13.8,34.49,702.2,214.3,285.25,113.7,144.2,128.04,43.36,138.22,66.505,43.5,24.97,,28.675,24.05,13.415,8.579,,13.7,6.75,5.875
2026-03-06,final,,126.14,11.588,86.555,303.5,500.5,183.42,182.04,165.71,285.3,37.4225,171.82,77.23,319.825,2610,291.25,118.47,116.9,6.66,10.73,1117.2,15.9775,299.175,94.85,209.575,134.91,21.015,256.55,6.9415,45.35,850,,66.135,1217.8,111.745,195.73,57.335,146.47,8.125,10.0438,66.33,,127.26,15.117,14.338,42.839,240.02,202.825,483.75,351.6,153.09,77.25,62.9,12.875,31.87,677.45,208.75,274.775,113.25,136.48,129.22,43.7675,132.79,66.415,42.1,24.325,,27.12,21.95,12.16,7.915,,13.3,6.26,5.775
2026-03-09,final,,128.99,11.6545,85.8125,321.3,534,183.08,184.18,173.46,296.275,38.9075,180.76,79.435,333.8,2770,304,129.69,122.82,6.761,10.39,1164.6,16.275,304.175,95.45,207,133.56,20.995,262.65,7.101,45.25,864.5,,67.175,1230.5,112.4625,196.94,59.44,147.55,8.109,10.46,66.78,,136.48,15.198,14.6,44.72,248.09,219.275,553.3,351.425,156.23,81.75,63.9,13.075,33.22,712.75,227.65,277.2,113.32,138.875,127.5,43.81,133.55,66.5,42.6,24.6025,,28.775,23.2,12.615,8.2235,,13.6,6.38,6.125
2026-03-10,final,,129.73,11.687,86.575,331.65,560,185.01,180.54,175.53,296.1,40.3525,185.82,80.64,349.1,2790,300,134.27,125.75,6.733,10.7,1193,16.22,311.775,98,207,129.96,21.14,265.1,7.121,48.95,862.1,,68.505,1235.9,112.8675,197.02,60.12,148.03,8.184,10.165,67.105,,141.695,15.321,14.773,46.418,249.97,228,591,349.75,159.12,83.75,65.7,13.45,33.315,724.2,234.15,273.55,113.95,141.62,127.26,43.6475,133.6,65.835,46.5,24.6425,,28.8825,23.9,12.625,8.33,,13.75,6.54,6.875
2026-03-11,final,,131,11.6805,86.87,333.05,562,183.69,182.25,176.81,294.55,41.435,188.92,78.125,362.125,2760,305.5,137.44,127,6.8,10.77,1192.3,16.3225,306.75,96.4,204.05,130.62,21.285,266.2,7.121,50.075,862.45,,67.49,1235.9,112.5175,195.49,60.82,147.84,8.14,9.919,67.055,,141.54,15.348,14.82,47.397,248.89,217.7,578.2,349.65,160.42,96.25,70.8,14.3,35.985,731.95,231.475,259.725,113.47,137.275,126.66,43.7725,128.4,65.57,47.7,24.615,,29.4125,24.55,12.763,8.455,,14.8,6.77,7.05
2026-03-12,final,,127.72,11.598,85.85,325.15,518,182.1,182.62,171.67,291.525,39.305,181.99,75.89,351.7,2620,293,136.47,123,7.047,10.71,1169.2,15.505,303.475,93.45,204.775,132.36,21.37,264.25,6.944,49.425,848.85,,64.49,1223.5,111.7925,194.53,59.03,146.57,8.0425,9.1225,67.405,,137.29,15.151,14.634,42.641,238.94,209.55,534.1,349.65,158.97,93.75,69.2,14.125,35.665,721.95,230.85,262.1,114.83,138.66,128.5,44.1475,132.18,66.675,46.3,24.3225,,28.75,23.8,12.555,8.296,,14.6,6.4,6.7
2026-03-13,final,,129.53,11.5928,85.14,334.35,529,181.64,182.74,168.85,281.9,39.9575,185.54,76.835,372.175,2660,296,134.76,124.41,7.166,10.65,1175.8,15.37,310.475,90.65,205,132.09,21.375,264.225,6.868,49.7,862.55,,62.88,1222.7,111.64,192.96,59.47,146.33,8.0185,8.9535,67.67,,135.04,15.203,14.664,42.405,234.22,212.55,541.5,345.95,157.87,98.75,71,14.45,36.26,704.15,226.7,264.9,116.25,139.05,131.04,44.8275,133.875,67.25,45.5,24.2875,,28.7125,23.65,12.3,8.5445,,13.75,6.6,6.65
2026-03-16,final,,133.98,11.6315,84.4125,347.675,597,183.73,181.16,171.3,282.275,39.905,190.63,79.495,387.575,2860,295.25,133.54,124.7,7.505,10.71,1196.7,15.19,314.8,91.55,205.2,132.6,21.125,265.025,7.0075,52.25,858.95,,64.03,1229.9,112.12,195.41,60.245,147.22,8.058,9.297,67.665,,135.575,15.296,14.78,45.512,241.87,214.2,546.4,347.3,158.74,112.5,74.4,14.725,39.07,718.1,230.375,265.3,116.57,140.9,129.72,44.9075,132.475,68.25,49.5,24.4525,,29.7375,24.1,12.561,8.739,,13.85,7.16,6.725
2026-03-17,final,,133.24,11.642,84.215,365.525,595,186.42,180.05,170.03,278.075,38.2325,197,78.67,401.825,2880,300,138.42,128.5,7.414,10.87,1201.1,15.135,315.875,92.95,204,134.15,21.205,269.2,7.062,53.65,806.4,,64.63,1233.1,112.305,196.18,60.8,147.64,8.1015,8.9595,67.265,,143.785,15.279,14.829,45.139,245.5,215,565.8,346.15,157.75,100.75,71.4,14.275,37.37,731,233.1,266.475,115.81,142.46,130,44.475,133.85,67.75,55.25,24.4625,,29.285,23.85,12.757,8.785,,13.45,8.06,6.75
2026-03-18,final,,131.69,11.5312,81.56,351.525,607,183.1,179.3,173.9,275.2,39.15,197.28,76.41,386,2965,295.25,136.41,129.81,7.299,10.4,1183.1,14.395,314.175,92.25,202,133.05,21.1,268.25,6.8725,53.45,799.35,,62.88,1222.4,111.0625,191.53,60.35,146.14,8.017,8.677,66.25,,141.48,15.052,14.776,44.499,234.88,224.45,615.6,341.85,157.27,102.5,72,14.25,36.73,746.5,230.575,278.15,114.24,147.925,128.28,44.1875,138.725,67.575,60.25,23.9925,,28.9125,23.2,12.269,8.6425,,12.85,7.61,6.45
2026-03-19,final,,130.5,11.4198,78.305,376.55,591,180.21,174.14,177.03,276.775,40.005,202.625,77.31,384.85,2845,293,144.41,130.98,7.122,10.33,1178.5,13.9525,312.125,92.225,203.225,134.13,20.825,265.475,6.815,51.4,792.7,,62.55,1208.3,109.9975,190.28,60.25,144.75,7.9385,8.9242,65.255,,137.245,14.901,14.665,44.517,232.45,238.5,669.6,336.45,154.61,104.5,69.7,14.275,35.9,760,233.05,273.9,111.13,144.51,127.02,42.88,139.35,66.845,57,23.4975,,28.02,23.15,12.24,8.495,,13.05,7.4,6.625
2026-03-20,final,,126.66,11.2955,75.4975,358.6,553,179.19,174.99,175.43,270.425,38.2475,198.98,76.485,369.125,2640,285,131.46,130.06,6.88,9.68,1138.5,13.6525,311.025,88.85,200.825,131.02,20.595,261.5,6.5935,48.35,786.25,,59.305,1190.5,108.39,183.87,59.175,142.18,7.7895,8.7332,64.815,,130.94,14.685,14.378,42.837,221.28,220.6,620.8,331.4,151.29,102.5,70.8,13.85,36.02,743,222.45,246.975,108.25,128.4,123.27,41.945,127.375,64.315,53.25,23.0725,,26.6725,22.7,11.68,8.168,,12.15,7.11,5.725
2026-03-23,final,,129.79,11.3298,73.64,348.15,573,181.06,173.19,174.86,277.7,37.95,201,77.31,348.125,2775,291.5,122.44,130.17,6.925,10.42,1182.1,14.04,311.575,92.025,205.225,138.39,21.325,260.175,6.6765,51.5,784.2,,62.215,1196.3,109.045,188.53,59.35,143.39,7.8995,9.4525,64.675,,128.37,14.836,14.437,43.569,226.1,220.65,626,329.75,151.32,98.25,70.3,14.2,36.225,761.65,220.8,250.05,110.12,131.025,122.5,42,130.69,64.265,52.25,23.1825,,27.17,23.3,12.376,8.6105,,12.55,7.41,5.85
2026-03-24,final,,128.02,11.363,74.9775,370.375,576,179.7,167.19,178.04,276.1,38.215,208.2,80.435,344.125,2800,299.25,126.69,136.22,7.093,10.13,1216.6,13.81,324.725,91.575,207,134.22,21.16,252.45,6.719,50.25,777.55,,62.24,1200.5,109.8625,189.17,60.325,143.76,7.979,9.4302,64.535,,115.995,14.697,14.583,45.926,225.77,238.8,700,322.6,152.36,100.5,72,14.675,35.755,789.95,235.15,256.725,113.25,132.06,123.5,42.3425,130.1,64.75,53.75,23.3275,,27.7625,23.3,12.477,8.358,,12.35,7.19,5.7
2026-03-25,final,,129.42,11.4032,75.745,357.1,560,182.74,167.25,190.01,275.625,40.7675,201.925,84.96,328.6,2690,300.25,129.42,133.94,7.269,10.44,1205.4,13.985,324.4,93.9,212,134.09,22.33,251.225,6.6855,54.5,791.45,,62.295,1199.2,110.175,189.55,60.795,144.63,8.025,9.1708,65.13,,115.395,14.926,14.711,46.822,225.32,235.35,675.5,321.225,154.29,99.25,75.6,14.75,35.765,800,238.55,261.775,111.01,130.89,124.12,42.8475,130.575,65.245,52.75,23.4575,,28.9,24.45,13.084,8.605,,12.85,7.44,5.775
2026-03-26,final,,125.37,11.249,73.605,328.9,529,180.28,167.39,177.49,269.275,38.445,184.85,85.195,310.2,2430,285.5,117.47,126.58,7.187,10.33,1158.3,12.8725,311.175,93.875,204.975,128.15,23.415,243.85,6.4085,52.7,779.2,,60.765,1176.2,108.645,187.18,58.055,142.28,7.9375,8.9848,64.92,,106.11,14.707,14.266,41.803,212.31,213.475,607.9,317.475,149.31,92.75,70,13.7,32.96,762.7,221.125,256.35,111.73,132.325,125.2,43.37,126.65,66.175,52.5,22.84,,28.5675,22.55,12.205,8.149,,10.65,7.53,5.45
2026-03-27,final,,120.72,11.038,75.7225,328.55,509,172.97,165.33,174.56,260.6,37.4175,183.23,82.08,308.075,2500,283.5,115.22,125.47,6.893,10.065,1131.6,12.01,309.7,90.975,200.5,123.75,23.095,238.05,6.082,51.05,762,,59.43,1149.7,106.93,183,56.925,140.12,7.8035,8.5298,65.795,,98.605,14.326,14.036,38.388,195.965,211.35,607.6,310.1,145.36,87.5,65,13.075,30.545,740.5,217.525,261.2,112.25,134.8,125.5,43.4525,128.3,66.205,50.4,22.0375,,28.5875,20.65,11.128,7.659,,9.35,7.28,5.025
2026-03-30,final,,117.96,11.061,76.3625,315.475,473.5,175.05,167.48,170.7,255.7,35.86,174.59,76.605,280.3,2360,277,102,120.44,6.935,10.09,1092.4,11.3175,299.825,91.325,196.5,119.61,24.565,238.375,6.055,51.1,773.25,,59.305,1147.1,107.1175,185.76,55.015,140.58,7.829,8.4045,66.65,,96.5175,14.206,13.784,34.19,193.055,191.01,567.6,313.15,144.04,80.25,60.4,12.075,27.835,712,203.125,260.075,115.25,128.725,127.5,44.0175,123.15,67.345,45.5,22.045,,27.3475,17.85,10.334,7.144,,9.775,6.93,4.91
2026-03-31,final,,122.36,11.2892,78.8275,339.075,516,180.16,171.7,175.73,267.5,38.2025,185.15,85.81,291.475,2585,292,117.1,127.46,6.943,10.17,1142.9,12.4875,309.65,94.25,200.82,126.64,25.66,248.825,6.4265,52.35,795.8,,62.42,1178.1,109.265,190.35,57.815,143.63,7.9815,8.6845,65.84,,111.82,14.65,14.266,38.689,211.69,206.2,613,321.1,150.86,89.25,66.9,12.9,29.59,755.45,217.05,241.45,113.46,130.375,126.5,43.9,126.45,67.15,49.3,23.045,,29.7125,20.4,10.692,7.42,,10.25,7.52,3.81
2026-04-01,final,,122.36,11.3462,79.4575,365.95,522,181.57,170.6,181.15,269.55,41.55,191.14,92.06,319.525,2705,294.75,114.6,131.11,7.131,10.15,1174.3,11.9375,315.7,95.75,205,126.56,24.965,256.325,6.5625,58.7,824.7,,64.29,1189.3,110.1475,192.72,59.265,144.65,8.0855,8.9082,65.685,,120.8,14.857,14.577,43.526,218.09,214.125,660.6,319.325,151.62,88.25,67.7,13.15,29.385,774,224.35,241.35,113.25,132.9,126.5,44,129.275,67.225,48,23.125,,29.7125,21.05,10.702,7.442,,10.075,7.89,3.89
2026-04-02,final,,123.43,11.4108,78.4625,372.15,501,181.87,175.11,188.37,272.525,43.5775,189.26,92.885,316.425,2665,293.75,117.89,131.48,7.569,10.085,1145.4,12.3875,313.2,94.3,207,128.43,24.86,256.575,6.6105,59,810.9,,62.71,1195.6,110.565,191.75,59.52,144.98,8.096,8.2958,66.49,,120.085,14.975,14.641,42.935,219.79,223.975,716.7,324.175,153.42,94.25,71.1,14.075,30.11,780.5,226.75,236.4,115,130.65,128.3,44.4825,132.15,68.005,48.4,23.2925,,29.695,21.3,11.145,7.595,,10.05,8.1,3.63
2026-04-07,final,,124.95,11.4225,78.6975,405,524,184.75,171.1,190.71,289.65,45.6125,193.61,94.645,327.2,2720,297.5,117.6,133.46,7.585,10.005,1117.1,11.8975,318.05,95.125,207.8,129.62,25.055,264.2,6.674,58.6,803.1,,63.245,1199.5,110.5925,192.07,59.69,145.08,8.142,8.2982,65.595,,131.345,14.843,14.719,45.512,223.8,219.95,703.4,321.425,153.77,101.08,73.49,14.525,30.9,789,226.375,236.05,114.65,132.6,127.9,43.9,131.875,67.79,48.045,23.4475,,30.7825,21.94,12.174,7.836,,11.05,8.1615,3.4
2026-04-08,final,,128.96,11.6195,78.4975,424.5,597,189.54,173.27,197.89,300.45,50.275,211.125,97.855,346.975,3040,312.25,125.1,143,8.007,10.33,1215.5,12.51,330.2,99.225,216.8,120.97,25.345,272.2,6.9825,62.8,816.75,,67.105,1223.4,112.825,198.55,63.85,148.62,8.32,8.8532,66.285,,145.015,15.33,15.235,53.7225,239.86,241.25,768.4,320.55,155.84,106.71,76.075,15.125,31.5,802.5,239.675,243.375,115.55,133.425,127.58,44.0275,137.425,67.58,52.29,24.18,,32.295,22.94,13.805,8.4455,,11.45,8.88,3.59
2026-04-09,final,,130.42,11.6602,79.0075,429.5,600,199.59,169.22,201.825,303.225,52.76,221.15,102.96,359.8,3015,313.25,136.84,147.18,8.075,10.21,1234.9,11.825,342.5,100.05,221,111.2,25.915,272.125,7.07,63.7,816.15,,67.435,1228.9,112.85,197.54,65.135,148.58,8.306,8.6772,66.82,,145.37,15.298,15.376,57.4075,244.82,243.5,765.85,319.4,156.99,115.74,78.535,15.375,31.675,828.3,247.475,240.15,117.21,130.75,129.06,44.37,138.275,68.315,52.25,24.375,,33.48,21.86,14.275,8.7565,,11.75,8.78,3.59
2026-04-10,final,,130.67,11.6418,78.79,430,588,203.175,168,209.45,317.35,53.2,225.575,109.77,358.625,2980,316,142.14,148.8,8.063,10.3,1264.5,12.175,344.2,103.45,219.125,109.43,26.42,270.875,7.107,66.55,801.7,,68.82,1231.5,112.8725,196.82,65.885,148.64,8.2775,8.771,66.14,186.8315,144.595,15.182,15.478,61.645,246.25,262.85,764.9,316.875,160.99,123.54,86.985,15.62,33.64,846.75,252.625,244.65,116.31,132.225,127.78,43.88,139.95,67.73,53.75,24.3425,,33.74,22.41,14.18,8.5585,,12.45,9.18,4.01
2026-04-13,final,,134.2,11.7178,78.3375,439.5,616,203.95,171.63,209.8,322.85,55.78,227.8,112.48,366.225,2930,316.5,150.32,151.36,8.739,10.2,1277.5,12.46,343.5,105.55,222.475,112.87,26.075,273.275,7.227,67.1,791.2,,68.58,1240.6,113.53,197.85,67.115,149.41,8.3365,8.486,64.97,185.928,148.18,15.525,15.546,63.7525,252.98,262.9,742.8,327.025,160.69,131.91,94.965,16.05,36.575,843.95,256.275,248.65,114.34,135.175,125.42,43.395,144.775,66.705,52.63,24.75,,34.285,23.48,14.776,9.175,,12.95,9.56,4.34
2026-04-14,final,,138.84,11.8148,79.5,451,656,210.925,173.95,215.625,322.8,54.045,231.125,113.3,391.35,3035,323.5,185.16,152.94,8.778,10.78,1289.6,14.5775,340.65,106.2,224,114.89,26.55,282.05,7.435,68.95,782.05,,70.3,1256.3,114.4625,198.95,67.98,150.54,8.4025,8.6435,64.345,185.709,164.285,15.635,15.733,67.245,264.91,265.1,721.85,333.4,166.46,136.5,98.825,15.95,40.15,837.35,263.125,251.3,115.25,139.16,125.5,43.7,144.525,66.825,54.93,25.03,,34.615,26.7,15.392,9.573,,13.65,10.175,4.14
2026-04-15,final,,140.86,11.9,78.8475,440,657,209.95,181.48,218.65,333.925,54.89,224.6,113.81,385.475,3015,319.5,181.17,148.09,8.479,10.035,1250.4,18.2725,334.85,105.7,225.15,120.34,26.935,285.2,7.6405,71.6,767.5,,70.425,1273.5,114.8575,199.07,67.81,151.18,8.3675,8.6578,63.885,199.3395,169.455,15.838,15.735,68.705,275.57,260.45,696,348.875,168.07,140.43,99.535,16.083,41.23,835.4,255.425,249.975,113.87,138.2,124.35,42.8375,142.79,65.64,56.1,25.3925,,34.4625,25.94,14.752,9.54,,13.55,10.686,4.51
2026-04-16,final,,141.15,11.9562,78.9525,449.5,667,211.525,181.68,235.525,338.05,58.065,221.65,113.11,385.925,3170,309.5,178.16,147.6,8.705,9.795,1206.3,18.215,333.1,104.7,224.85,121.33,26.305,285.375,7.6975,75.1,767.35,,69.345,1281.6,115.285,199.32,68.485,151.69,8.406,8.6038,63.835,201.792,168.015,16.058,15.805,70.4775,280.04,276.5,755.75,356.575,168,139.7,100.95,16.441,40.365,830.9,250.8,254.425,114.42,139.52,124.7,42.93,143.01,66.3,56.97,25.7325,,35.36,25.52,14.302,9.68,,13.55,10.528,4.25
2026-04-17,final,,145.6,12.118,79.4625,464.5,692,213.1,180.34,236.425,345.375,58.165,226.8,118.73,386.65,3245,315.25,176.5,153.56,8.687,9.77,1239.4,18.22,345.55,107.75,227.325,124.53,25.555,290.1,7.9395,83.3,786.3,,72.05,1300.9,116.73,203.775,69.635,153.87,8.569,9.0398,64.38,209.9195,178.965,16.293,16.063,74.805,291.49,294.25,757.2,359.125,171.22,133.4,99.435,16.886,40.79,852.4,260.75,250.825,113.39,139.14,125.05,42.535,142.61,66.085,55.81,26.405,,37.525,26.76,15.321,10.142,,14.05,10.944,4.26
2026-04-20,final,,146.24,12.0752,79.3425,459,689,216.1,183.1,232.85,339.25,55.845,223.8,129.33,379.525,3200,310.25,185.2,153.91,8.957,9.98,1250.1,18.375,346.2,105.15,226.95,123.54,25.995,286.325,7.8925,88.65,781.1,,68.49,1295.7,116.455,202.375,69.27,153.11,8.559,8.8092,64.05,206.7035,171.38,16.334,15.991,75.97,289.14,293.85,757.3,354.125,171.31,134.88,99.185,16.897,41.15,843,268.825,244.4,113.07,135.94,123.85,41.9575,133.975,65.395,55.14,26.1775,,37.6875,27.3,15.385,10.195,,14.05,11.057,4.25
2026-04-21,final,,143.34,12.0562,77.8225,481,713,214,185.5,243.975,343.325,56.575,221.85,129.74,385.15,3060,314.75,191.3,152.94,8.822,9.905,1246.6,17.59,350.1,102.8,225.95,124.83,25.785,284.425,7.8575,87.75,777.6,,66.34,1297.8,115.9425,199.21,69.9,152.53,8.5555,8.4132,63.825,210.087,165.15,16.397,15.987,77.28,288.7,295.7,723.9,362.175,170.67,135.16,99.01,17.744,39.1775,846.2,268.9,237.575,113.08,132.85,121.95,41.41,127.82,64.34,56,26.265,,37.74,27.04,15.019,9.926,,13.65,10.433,4.35
2026-04-22,final,,147.77,12.1858,78.6725,495,742,217.825,185.75,258.975,360.55,55.92,234.425,136.44,417.975,3205,330.5,195.7,155.83,8.359,9.63,1235.5,18.0425,353.9,100.8,227.75,128.99,25.605,289.2,8.1415,89.9,785.75,,65.695,1320.1,116.7075,199.925,72.775,153.72,8.548,8.3472,63.755,209.117,174.075,16.547,16.196,85.415,302.02,297.65,743.05,365.45,172.74,133.67,105.64,17.771,41.08,962.15,259.925,245.55,112.2,133.28,122.625,41.3,127.91,64.045,56.93,26.57,,38.9875,27.45,15.618,10.328,,14.85,10.733,4.61
2026-04-23,final,,146.83,12.1642,77.9275,505,714,217.275,180.05,272,360.425,66.015,221.9,142.48,412.875,3185,326.75,203.05,154.84,8.863,10.005,1217.1,16.63,362.8,100.075,223.25,121.49,25.465,289.55,8.063,86.6,785.45,,63.975,1316.1,116.5025,199.03,73.7,153.05,8.496,8.0892,65.28,209.289,175.835,16.335,16.241,90.1175,297.01,289.25,725.35,357,170.17,134.75,100.9,17.855,44.305,986.9,275.425,250.325,115.62,134.38,126.15,42.53,132.25,65.56,59.47,26.4425,,42.7675,31.14,15.601,10.466,,14.35,10.405,4.59
2026-04-24,final,,147.65,12.2262,77.8725,499,742,224.85,179.95,297.4,360.175,70.45,229.7,140.13,422.85,3170,343.5,198.08,165.06,8.989,10.095,1241.1,15.8225,361.65,99.95,220.65,121.88,25.53,293.35,8.339,96.75,754.35,,64.15,1337.2,116.875,200.45,76.8,153.88,8.4975,8.082,65.355,209.789,182.305,16.693,16.462,100.7675,311.78,285.5,750.45,361.95,177.5,126.4,94.025,17.831,43.37,978.5,277.725,267.475,115.49,140.06,125.3,42,136.27,65.06,61.72,26.8175,,42.9,29.93,15.86,10.892,,14.15,10.285,4.51
2026-04-27,final,,145.93,12.238,77.4275,507,765,222.8,182.35,285.6,356.25,72.14,220.575,134.61,445.9,3290,346,205.775,161.9,9.337,10.055,1224.9,16.0075,355.6,99.475,219.6,121.78,25.765,299.2,8.3235,90.6,742.25,,64.505,1335.5,116.875,199.08,76.185,153.98,8.5285,7.9612,64.41,211.93,192.065,16.678,16.415,95.2375,311.9,273.25,730.9,362.525,185.25,123.67,94.705,17.998,41.38,955.5,274.75,269.55,115.42,142.67,125,42.1875,136.68,64.87,63.77,26.6725,,42.98,28.81,15.611,10.465,,13.95,9.8155,4.52
2026-04-28,final,,141.33,12.199,76.095,563,747,221.65,182.65,276.45,341.65,72.525,213.7,131.79,438.475,3130,335.75,217.4,154.54,9.587,10.37,1182.1,15.4875,353.55,100.8,214.05,120.3,25.6,298.1,8.1945,86.55,746.3,,65.92,1326.3,116.6425,198.38,74.095,153.26,8.4715,7.7902,66.815,223.807,189.5,16.462,16.236,86.3425,303.86,259.25,679.2,365.2,181.47,116.1,89.955,17.116,38.195,932.6,260.65,261.375,116.26,137.74,126.825,42.245,133.6,64.845,63.4,26.7325,,42.4175,27.58,14.204,10.06,,13.35,9.6515,4.23
2026-04-29,final,,140.07,12.1932,75.4025,547,743,217.15,184.17,285.075,349.85,80.535,209.475,132.45,440.4,3220,333,245.325,141.48,10.655,10.12,1188.8,15.4925,351.45,99.525,216.8,116.81,25.635,316.9,8.196,89.85,731.95,,65.41,1329.2,116.18,197.05,75.185,152.95,8.399,7.3285,67.57,225.6145,226.01,16.732,16.295,92.3325,303.83,260.9,746.25,354.1,178.44,118.75,96.74,16.674,36.4675,908.2,259.7,254.7,114.96,132,126.075,42.06,127.8,64.02,60.3,26.615,,45.1775,27.67,13.554,9.694,,13.05,9.271,4.2
2026-04-30,final,,143.97,12.3022,76.4475,563,755,225.875,182.7,300.675,352.675,80.375,219.75,139.89,431,3235,335.5,238.6,149.48,11.1175,10.35,1224.7,17.07,369.6,96.1,214.1,119.73,26.075,328.375,8.4205,93.35,797.15,,65.685,1343.3,117.6775,200.825,76.465,154.82,8.5525,7.4128,67.145,250.192,249.58,16.927,16.661,97.105,317.82,269.8,762.05,350.15,170.59,117.84,95.365,17.127,38.525,922.8,278.025,267.075,117.31,134.42,129.55,40.605,132.56,65.4,62.79,27.0725,,46.8975,29.13,14.767,10.7,,13.15,9.6185,4.09
2026-05-04,final,,150.19,12.3148,75.245,629,831,232.375,192.65,293.325,354.2,81.685,220.125,139.9,495.4,3360,342.75,245.8,146.71,11.1625,10.19,1183.3,18.0025,360.8,92.5,204.025,126.33,25.865,327.05,8.541,97.9,827,,63.175,1355.6,117.4425,197.5,77.3,154.66,8.53,7.2438,66.88,268.611,246.75,17.14,16.747,100.055,323.03,279,832.6,353.075,169.15,150.36,107.3,17.896,42.25,919.45,280.675,274.5,115.96,137.05,125.51,40.01,131.7,64.79,63.79,27.2325,,46.9325,30.42,15.89,10.966,,15.45,10.369,4.35
2026-05-05,final,,154.02,12.4352,75.5525,662,910,233.275,190.84,317.125,372.575,93.77,236.05,146.53,552.55,3520,337.75,251.5,148.41,11.41,10.045,1233.6,18.35,352,95.225,200.7,115.48,25.855,336.9,8.8295,101,845,,67.725,1378.5,118.565,201.675,81.25,156.41,8.622,7.4035,67.045,261.928,263.32,17.466,17.243,113.135,339.18,282.675,844.3,351.1,168.29,150.72,110.14,19.054,46.725,938.8,295.225,274.4,117.2,137.77,123.85,39.2325,136.575,63.75,64.72,27.64,,48.8625,34.02,17.268,11.43,,16.75,10.668,4.55
2026-05-06,final,,159.93,12.539,77.4,663,1002,234.1,188.95,354.4,361.9,95.41,252.925,146.15,562.6,3920,356.5,242.9,154.77,11.185,10.19,1312.8,19.5875,358.4,99.1,206.7,113.47,25.91,338.6,9.1085,100.8,837.95,,71.345,1397.1,119.9475,206.075,84.655,158.52,8.821,7.8875,67.53,282.7855,270.93,17.571,17.595,126.77,356.41,270.625,791.1,351.975,176.31,165.11,116.82,19.041,51.58,952.6,305,275.25,113.04,135.27,121.05,38.72,128.625,63.035,65.25,28.1625,,49.1525,37.23,20.0385,12.335,,18.25,12.77,4.47
2026-05-07,final,,158.81,12.4965,77.29,649,938,231.1,190.85,347.45,351.725,93.255,244.275,136.24,548.3,3835,352.5,221.775,151.98,10.4525,10.04,1290.5,18.7375,340.8,97.9,206.35,116.54,25.77,338.325,9.067,97.45,829.55,,70.315,1394.4,118.9425,201.6,83.085,157.48,8.6595,7.8038,66.935,292.1215,270.99,17.545,17.261,117.85,353.12,270.75,754.35,358.3,180.71,159.02,109.39,19.341,58.375,893.35,291.175,264.9,112.8,132.35,120.85,38.52,121.375,63.085,61.75,27.86,,47.625,36.01,20.7975,12.062,,17.35,11.856,4.39
2026-05-08,final,,159,12.5638,77.645,663,1072.5,231.2,187.25,385.825,364.4,106.03,248.4,144.36,632.05,4000,348.75,222.425,158.52,10.935,10.06,1346.2,19.1575,341.1,99.225,203.75,116.64,26.32,339.55,9.48,101.9,805.3,,70.42,1423.5,119.5425,201.325,87.85,158.2,8.6975,7.88,66.535,285.7025,272.03,17.944,17.698,132.83,377.07,283.55,765.55,352.225,182.42,150.14,96.65,19.57,51.76,882.5,288.65,258.925,110.4,125.79,119.3,37.615,118.15,61.615,61.91,28.155,,50.17,34.95,20.42,12.053,,18.05,11.425,5.175
2026-05-11,final,,159.8,12.595,77.9225,707,1152.5,228.1,188.47,388.675,362.575,109.64,251.15,144.92,673.35,4140,343.5,242.75,156.94,11.7425,10.18,1324.9,21.035,355.45,100.15,205.7,115.51,26.365,330.25,9.517,101.7,819.95,,70.325,1427.6,119.81,200.475,89.33,158.45,8.7175,7.6092,66.76,274.3165,250.74,18.048,18.047,145.675,380.44,322.525,895.3,349.85,186.06,159,97.265,19.395,47.665,911.6,312.05,254.15,110.83,129.06,120.92,37.78,116.8,62.02,64.89,28.345,,50.925,37.74,21.4675,11.53,,22.8,11.186,5.07
2026-05-12,final,,158.19,12.6042,77.9175,687,1062.5,227.6,193,382.775,355.725,102.5,245.775,140.06,653.4,3830,337.75,237.75,154.02,11.1975,9.92,1289.7,18.9425,342.5,97.675,202.1,117.32,25.695,329.725,9.3685,95.85,843.65,,70.315,1419.1,119.795,198.45,87.045,158.03,8.685,7.3475,68.16,269.2245,248.21,17.828,17.882,131.265,370.71,318.95,844.6,347.4,187.5,153.03,91.3,19.328,48.105,913.3,313.3,249.925,108.9,125.17,121.48,38.095,116.95,62.42,64.96,28.31,,49.13,37.3,20.8375,11.47,,22.1,10.95,5.025
2026-05-13,final,,160,12.7315,77.6775,697,1150,230.7,193.85,380.7,356.175,102.64,252,154.27,683.25,4060,342.5,248.7,158.62,12.765,10.17,1350.8,18.3375,347.45,97.675,199.625,111.12,25.75,343.575,9.6585,101.1,866.15,,71.43,1442.6,120.895,199.82,89.09,159.87,8.6875,7.4908,68.56,269.661,275.97,18.059,18.219,144.1,388.03,347.2,879.75,345.325,193.42,177.42,95.245,20.5,47.14,907,317.35,235.125,109.23,122.08,121.875,37.6375,112.225,62.17,65.64,28.855,,54.165,38.77,21.3025,11.35,,23.6,11.338,4.83
2026-05-14,final,,162.75,12.8718,77.2425,687,1140,228.9,207.65,383.525,377.075,98.445,258.725,156.05,670,4175,357.5,257.7,163.08,12.43,10.33,1358.5,18.98,349.6,96.475,201,114.44,25.67,343.15,9.793,103.4,862.15,,72.17,1455.2,121.9925,200.825,89.795,161.07,8.7255,7.4768,68.99,285.788,274.08,18.24,18.389,147.02,397.48,345.1,853.9,349.575,201.7,190.17,97.965,21.41,49.9,935.5,323.8,236.6,109.91,121.59,123.15,38.24,115.425,62.78,67.15,29.47,,55.14,39.86,21.0625,11.9175,,25.1,12.34,4.78
2026-05-15,final,,156.46,12.7465,75.7975,683,1060,226.55,207.95,364.25,365.625,92.945,243.825,151.65,624.25,3960,348.25,238.225,155.35,11.9575,10.5,1294.4,17.515,343.6,96.325,194.15,115.06,25.65,341.075,9.523,100.2,863.5,,71.175,1436.6,120.5325,196.71,86.675,158.85,8.598,7.2885,69.555,282.015,264.37,18.032,17.933,131.765,377.28,330,829.45,361.675,193.6,188.9,92.215,20.99,45.61,900.3,319.175,230.15,107.64,120.73,119.9,37.74,109.3,61.79,67.64,28.9225,,52.665,36.56,20.1375,11.265,,20.9,11.389,4.865
2026-05-18,final,,153.66,12.7085,76.08,633,1030,227.175,207.95,361.25,360.375,92.56,239.4,144.11,582.8,3900,339.25,222.025,150.85,11.7925,10.5,1264.2,16.26,328.3,96.65,194.49,115.55,26.635,340.825,9.4045,104.4,847.4,,71.94,1427.6,120.555,201.1,84.32,158.59,8.585,7.166,69.725,280.4005,265.76,17.993,17.534,118.575,372.36,310.2,753.5,363.3,190.73,171.73,88.945,20.1475,43.275,866.3,291.375,225.275,108.59,117.26,121.375,38.015,107.68,61.915,62.52,28.99,,52.02,33.61,19.875,11.552,,20.4,11.196,6.2
2026-05-19,final,,154.46,12.68,75.04,631,1025,223.025,205.25,356.975,353.4,95.36,235.475,152.14,603.25,4000,339,225.225,149.88,11.7625,10.49,1257.3,15.71,320.9,96.75,197.05,116.18,25.915,333.925,9.3275,102.7,874.75,,70.35,1424.9,120.275,200.5,84.435,158.37,8.533,7.041,70.63,271.316,248.21,17.997,17.505,117.24,366.44,304.775,765.9,358.9,190.31,170.04,85.83,19.584,41.24,869,277.4,225,111.08,116.26,123.35,39.045,106.55,63.16,62.36,28.825,,52.72,31.5,19.501,12.704,,21.9,10.986,5.875
2026-05-20,final,,158.98,12.7828,75.8175,645,1042.5,228.05,204.9,381.8,358.675,101.88,250.5,162.46,626.4,4160,345.5,243.875,156.76,11.755,10.54,1327.9,16.56,326.5,98.675,204.35,117.15,26.34,333.95,9.5555,107.9,875.9,,72.31,1440.6,121.22,204.325,88.26,159.71,8.6195,7.3818,70.28,272.172,249.69,18.286,17.916,134.925,379.23,308.1,750.1,361.125,191.38,166.72,87.63,20.084,45.485,882.35,272.1,241.975,110.8,123.85,122.75,38.92,115.2,62.74,62.02,29.165,,55.84,36.33,20.3675,13.389,,20.9,11.458,7.6
2026-05-21,final,,160.95,12.8378,75.7775,699,1100,231.025,217.45,386.4,356.675,101.47,259.85,164.09,653.1,4250,349.5,266.4,159.22,12.2075,10.32,1368.7,22.6,328.6,99.3,206.35,118.09,26.65,334.25,9.6855,116.5,896.95,,71.27,1451.2,122.055,204.8,88.575,160.59,8.7135,7.406,69.865,268.8005,247.47,18.499,18.108,138.31,386.55,326.85,829,362.2,188.98,189.98,92.885,21.44,49.76,897.9,280.825,246.275,111.17,128.54,122.95,39.255,117.9,63.37,63.11,29.4525,,56.51,41.39,21.0025,13.6,,25.4,12.753,7.65
2026-05-22,final,,163.15,12.8872,75.435,701,1040,230.825,196.5,402.275,356.075,103.03,262.975,169.41,646.15,4125,348.25,259.075,162.54,13.2825,10.55,1403.8,25.305,337.35,97.625,207.6,117.61,26.02,332.7,9.738,129.3,917.75,,71.965,1456.3,122.37,204.375,90.32,161.09,8.7355,7.4528,70.13,271.654,239.01,18.74,18.295,148.405,390.71,324.875,815.2,360.925,185.37,184.78,90.635,21.7025,48.75,898.4,282.65,253.25,113.53,134.86,125.24,39.805,118.44,64.24,64.02,29.595,,57.575,39.43,21.085,13.742,,25.9,12.528,7.175
2026-05-25,final,,164.55,12.9695,76.1825,714,1140,231.6,198.65,408.35,360,105.51,274.15,176.93,674.55,4230,356.75,272.75,167.63,13.54,10.59,1418.8,25.87,346.35,102.2,207.8,119.01,26.235,337.75,10.0235,142.1,923.6,,74.11,1476.6,123.6,209.525,92.825,162.97,8.9095,7.832,70.16,268.671,257.54,19.028,18.579,163.375,409.22,338.9,862.05,365.025,188.91,193.3,93.595,23.2525,51.49,922.3,294.05,257.775,114.77,138.37,126.05,40.16,120.36,64.65,61.06,30.205,,58.075,41.26,21.7525,14.551,,26,12.624,7.1
2026-05-26,final,,165.88,12.9475,75.305,730,1290,227.8,190.2,433.525,363.25,106.35,277.1,181.39,775.05,4440,354.75,259.875,172.93,14.1525,10.61,1399.8,23.78,346.7,102.7,205.075,116.97,25.58,333.5,10.0762,142.5,918.95,,73.515,1480,123.1325,208.175,95.395,162.7,8.876,7.772,69.34,268.1235,245.96,19.002,18.849,170.53,411.8,328.2,784.8,356.775,184.35,179.02,91.295,22.745,51.09,922,279.825,260.025,112.63,141.16,124.34,40.0675,121.075,63.77,64.78,30.0325,,60.455,38.91,22.4325,14.762,,27.1,13.062,8.95
2026-05-27,final,,166.94,12.984,74.4125,752,1280,234.375,189.45,426.55,364.275,104.56,274.75,179.93,801.15,4345,363.5,253.525,169.02,13.525,10.93,1379.6,23.385,349.75,101.75,204.75,114.43,23.965,335.5,10.1275,142.1,932,,73.2,1484.5,123.3425,207.8,94.74,162.87,8.9285,7.9445,70.205,274.5405,251.1,18.823,18.86,167.18,414.27,328.25,776.6,356.275,182.68,179.68,89.785,23.54,57.98,892.3,275.65,248.6,111.46,137.71,125.325,40.2625,118.675,63.82,61.48,30.145,,58.805,42.08,23.2225,15.54,,27.3,13.482,9.25
2026-05-28,final,,169.43,13.0172,74.885,757,1365,234.875,186.67,446.025,370.5,103.32,273.575,174.48,795.9,4400,363.5,243.9,165.93,13.125,10.98,1382.5,25.33,345.2,101.35,202.775,123.02,23.59,335.4,10.2112,138.6,969.15,,73.02,1490.5,123.4225,206.925,95.2,163.13,8.9165,7.8348,69.04,271.518,251.97,18.941,18.981,173.635,419.02,323.775,739.75,367.4,183.65,195.03,91.7,23.8175,55.36,856.9,271.45,246.2,109.79,137.69,123.05,39.64,118.06,62.805,59.1,30.2775,,59.66,42.54,23.865,15.565,,27.7,15.688,9.3
2026-05-29,final,,170.93,13.0088,75.4675,753,1340,232.1,193.58,441.925,382.225,99.255,272.4,175.23,828.1,4575,360.25,243,164.97,12.7675,10.71,1382.2,25.49,343.7,102,200.575,134.12,24.015,326.725,10.2738,142.2,947.3,,73.95,1492.4,123.365,206.525,95.055,163.1,8.89,8.1005,67.82,266.347,233.79,19.213,18.879,170.95,423.77,307.2,729.55,384.475,182.24,197.38,93.345,23.0275,54.31,830.1,270.7,247.025,109.23,137.34,122.52,39.555,114.925,62.21,59.61,30.2475,,59.4,40.5,23.245,15.615,,25.5,15.01,8.95
2026-06-01,final,,173.58,13.081,74.9375,794,1430,223.4,194.95,437.875,401.9,93.625,272.725,188.3,893.1,5030,376.5,235.5,166.57,13.965,10.71,1395.4,24.855,343.8,101.9,203.6,137.04,24.395,319.2,10.3875,140.6,929.2,,73.365,1503.9,123.775,206.95,97.005,164.16,8.9125,7.6952,67.665,254.8615,214.79,19.889,18.999,178.575,429.57,311.875,786.85,391.975,192.95,228.8,107.53,24.6375,55.87,818.85,279.55,228.35,106.35,132.68,120.25,39.0275,111.35,60.68,59.01,30.5075,,59.11,41.33,24.36,16.158,,27.1,15.974,8.925
2026-06-02,final,,171.86,13.1142,74.99,798,1390,220.55,190.55,447.15,417.175,92.365,284.9,261.225,918,5110,383,260.75,175.87,14.5,10.55,1466.6,25.58,359.5,102.6,207.25,130.57,23.78,311.8,10.5425,148.1,915.15,,75.195,1514.6,124.2425,207.125,100.94,165.07,8.929,7.586,67.49,242.674,201.385,20.13,19.456,204.355,438.94,367.9,884.4,379.475,191.63,224.275,103.53,24.98,57.155,833.35,288.825,235.575,109.28,136.03,122.65,39.045,114.775,61.75,61.86,30.7525,1475.3,68.76,41.19,23.58,15.21,,26.1,16.006,10.3
2026-06-03,final,,169.46,13.0155,74.38,807,1372.5,215.5,186.65,460.95,392.7,96.34,297.925,252.1,914.55,5090,376.75,244.5,182.38,14.1125,10.46,1483.4,23.455,363.05,100.15,205.125,121.51,23.68,308.65,10.4025,152.1,929.7,,73.515,1506.9,123.475,203.9,101.41,163.72,8.862,7.4678,68,233.642,192.095,19.731,19.708,214.28,429.42,352.6,797.6,366.95,185.35,215.075,94.085,24.915,54.935,823.8,280.8,230.275,109.97,132.27,122.275,38.995,115.35,60.9,63.98,30.3375,1552.6,68.865,38.26,23.6925,15.035,,24.4,16.855,9.775
2026-06-04,final,,167.53,13.077,74.6725,794,1295,218.55,186.95,446.825,360.225,95.125,287.925,267.75,851.55,4925,381.75,249.225,183.06,14.1625,10.86,1505.6,23.605,360.7,101.25,208.6,121.74,23.135,320.25,10.3188,145.9,968.45,,73.86,1501,123.9625,205.55,99.29,164.08,8.9475,7.662,66.385,235.5675,214.53,19.831,19.499,202.03,424.56,360.15,802.3,368.05,187.18,222.65,92.66,23.92,53.04,828.6,277.975,228.2,110.07,131.96,122.9,39.29,114.86,60.58,65.85,30.5375,1508.6,67.495,38.1,23.645,14.43,,23.8,16.88,9.975
2026-06-05,final,,157.25,12.795,73.0025,733,1042.5,213.325,185.6,403.475,334.775,84.23,261.875,225.9,749.3,4135,360.25,227.775,165.81,12.2475,10.78,1418.5,20.465,342.85,101.85,205.2,116.55,22.76,318.35,9.34,123.3,977.7,,72.3,1433.7,121.345,202.275,92,159.99,8.717,7.869,68.91,246.849,210.06,18.84,18.613,146.955,364.4,325.3,741.75,359.875,177.9,193.51,85.805,22.105,46.7425,809.7,259.05,220.6,112.06,128.28,126.6,40.27,112.075,62.49,60.22,28.71,1335,61.725,33.96,21.365,13.35,,20.2,15.15,8.175
2026-06-08,final,,162.52,12.8562,72.815,761,1177.5,212.35,183.05,426.35,343.725,95.6,282.225,249.9,820.15,4455,370.5,219.8,182.7,12.565,10.77,1514.9,22.395,349.8,100.65,204,118.02,23.22,315,9.7115,138.8,1000.4,,71.645,1462.8,122.17,202.675,96.015,161.07,8.812,7.7788,68.995,237.88,202.745,19.052,18.989,168.615,385.44,348.65,775.55,356.15,180.39,190.92,88.79,23.6175,51.095,809,261.575,217.625,109.17,127.58,123.925,39.4975,110.725,62.69,62.34,29.5925,1435,64.89,38.6,22.4125,14.325,,20.5,15.982,7.9
2026-06-09,final,,159.43,12.8228,71.49,734,1187.5,211.575,183.55,411.575,338.875,93.87,285.125,234.6,812,4340,370.5,225.75,185.49,12.0175,10.75,1536.4,20.435,347.75,103.35,206,115.03,22.705,315.875,9.5055,137.8,990.6,,72.56,1448.9,121.9725,202.225,94.785,160.61,8.8385,7.8942,70.445,236.213,205.54,18.732,18.651,156.225,374.65,310.6,716.25,350.025,179.74,192.62,85.73,23.405,47.4625,796.1,251.25,218.225,110.67,126.57,126.35,39.765,112.56,63.02,60.44,29.1025,1435,63.51,36.43,21.815,13.88,,20.2,15.088,7.375
2026-06-10,final,,153.89,12.6048,68.405,701,1117.5,205.95,182.4,387.825,322.275,91.79,277.65,215.225,762.7,4145,354.25,200.9,184.44,11.4625,10.71,1498.8,19.9525,325.8,100.8,200.95,112.14,22.025,308.775,9.084,135,984.7,,70.655,1414.4,119.865,198.49,91.11,158.18,8.713,7.759,72.455,230.7005,191.825,18.353,18.36,139.535,348.36,305.25,730.8,344.725,173.39,179.2,82.055,22.1275,44.13,747.7,241.35,210.2,111.32,120.24,126.6,40.24,104.62,63.57,59.23,28.3425,1415,61.185,33.39,20.7225,12.7175,4.551,19.8,13.667,6.6
2026-06-11,final,,160.67,12.7972,70.87,748,1295,208.35,182.05,419.625,331.7,100.99,312.2,237.45,848.45,4675,362.5,216.75,207.7,12.2225,10.97,1631.6,20.61,340.3,106.1,206.05,113.67,22.55,309.525,9.682,144.5,1002.2,,71.8,1458.7,122.0475,202.95,97.52,161.55,8.907,8.0012,71.35,233.196,191.855,18.772,19.098,170.3,384.05,315.15,764.85,337.55,177.23,193.89,82.565,23.6425,49.36,785.9,257.8,212.75,110.96,126.7,125.9,40.2825,106.5,62.9,65.57,29.3575,1615,67.17,35.86,22.4725,13.93,4.737,21.2,15.283,7.5
2026-06-12,final,,163.57,12.8718,70.73,805,1280,206.05,182.95,442.475,329.95,107.76,318.625,241.525,850.5,4640,367,224.9,219.425,12.81,11.46,1611.3,20.195,338.35,107.65,205.6,110.71,22.265,311.225,9.848,151.2,978.9,141.22,73.215,1471.7,122.7625,203.45,100.565,162.5,9.0445,8.3018,71.4,234.528,198.785,18.905,19.624,180.845,389.75,333.55,796.2,337.475,177.49,202.1,87.355,24.015,51.78,812.8,261.75,219.325,112.37,128.42,127.425,40.555,108.45,63.58,63.82,29.555,1715,67.005,36.97,23.0025,14.28,4.8715,21.5,15.409,7.4
2026-06-15,final,,168.82,13.0612,72.1075,877,1355,212.5,186.72,471.9,340.425,108.65,335,263.4,932.5,4920,380,237.3,221.175,12.6925,12.03,1631.7,22.795,351.6,111.15,205.5,116.39,22.98,318.85,10.3912,212.5,974.5,166.71,74.66,1511.2,124.1725,205.025,104.29,164.76,9.0815,8.5635,69.87,245.385,211.81,19.317,20.0975,203.14,424.79,356.75,820.9,344.8,182.98,223.425,92.175,24.395,52.43,846.3,269.525,226.8,111.84,132.69,127.8,40.8575,112.95,63.53,68.59,30.3675,1815,68.245,39.94,23.6075,14.74,4.9188,26,15.818,7.7
2026-06-16,final,,168.25,12.973,72.3825,891,1300,211.875,197.4,436.725,324.375,100.83,319,243.15,887.55,4600,367.5,242.8,205.175,12.145,12.12,1561.7,20.84,351,112.9,202.4,114.26,22.695,320.3,10.016,197.5,966.7,175.07,77.605,1483,123.5875,204.2,99.485,163.57,9.006,8.8458,69.13,250.478,216.54,19.01,19.809,174.495,401.94,330.45,753.15,338.525,178.91,226.875,100.58,24.3575,50.54,847.7,260.025,231.475,111.77,137.41,129.15,41.085,113.775,63.75,65.62,29.89,1740,64.52,39.78,23.6225,14.86,5.155,31,15.763,7.5
2026-06-17,final,,168.85,12.9782,71.7775,937,1415,207.05,198.45,450.625,343.625,105.94,329.125,255.45,921.15,4790,377.5,249.875,211.025,12.04,12.43,1640.3,20.145,357.65,114.55,201.6,114.58,23.49,316.75,10.0025,219.25,967.05,168.42,79.49,1490,124.02,204.625,102.44,164.25,9.0705,9.0142,69.53,241.4115,208.36,19.131,20.0795,181.59,399.45,331.9,761.15,330.75,178.35,247.95,101.78,24.6825,50.875,915.2,278.875,232.025,111.52,138.06,127.975,40.125,114.85,63.72,71.83,30.11,1725,63.87,40.33,23.9825,14.7275,5.195,29.3,15.681,7.925
2026-06-18,final,,173.01,13.1208,71.1875,934,1597.5,212.625,209.025,468.75,359.025,117.07,340.175,272.5,994.2,5220,403.5,285.825,227.8,11.83,12.63,1686.5,21.39,368.4,115.9,204,112.44,23.115,320.1,10.4475,226.5,959.5,159.15,80.38,1524.5,125.1075,206.6,108.14,166.28,9.1185,9.0648,69.34,248.3695,209.41,19.459,20.7375,212.77,424.4,340.85,743.95,331.525,183.45,248.9,102.43,25.6325,52.305,968.3,290.35,240.175,111.4,142.71,128.425,40.5325,117.97,64.05,70.2,30.6575,1925,68.205,40.46,24.4525,15.01,5.5,33.9,15.657,8.2
2026-06-19,final,,172.05,13.0912,70.27,931,1582.5,212.6,211.175,465.05,358.325,115.77,333.525,276.15,992.95,5020,404.75,281.675,221.925,11.8725,12.98,1660.2,21.235,368,115.8,204.075,111.49,24.45,319.6,10.3625,229.25,959.75,156.8,79.665,1518.9,124.625,206.075,107.56,165.33,9.1065,8.966,69.22,245.2965,209.67,19.344,20.6425,204.93,419.48,334.85,741.9,331.775,181.88,246.15,100.68,25.8475,50.71,954.9,294.025,237.35,110.22,141.82,128.65,40.385,117.6,63.935,73.04,30.53,1915,67.49,40.29,24.2975,15.05,6.015,34.5,15.671,8.15
2026-06-22,final,,173.7,13.1172,71.0975,960,1722.5,203.825,209.65,480.75,344.25,122.9,358.525,268.7,1089.6,5140,409.25,302.7,235.025,12.595,12.29,1689.8,21.66,381.45,116.5,206.8,104.43,24.635,303.7,10.395,244,966.45,136.36,80,1524.6,125.1725,206.725,110.74,166.31,9.1685,9.2638,69.725,223.541,177.85,19.477,21.0575,225.26,422.53,375.7,782.35,321.775,182.07,248.35,97.41,25.425,49.845,987.6,313.9,240.425,113.7,145.76,127.975,40.91,121.53,64.56,71.91,30.58,2020,69.425,39.57,25.015,15.27,5.8825,39.3,15.323,9.275
2026-06-23,final,,168.53,12.9978,70.08,922,1492.5,205.7,213.95,458.1,335.775,116.61,326.675,246.6,931.6,4475,385.5,283.6,215.05,12.04,12.66,1570,22,358.55,116.05,207.8,102.55,23.465,304.925,9.804,224,972.45,138.08,79.15,1484.4,123.87,205.325,103.09,163.87,9.0835,9.3998,70.535,221.5835,178.62,19.141,20.3325,177.245,384.09,337.3,731.2,328.75,176.14,242.825,92.86,25.625,48.39,911.9,281.875,237.75,117.04,143.53,131.125,41.695,120.95,66.18,68.49,30.18,1735,63.95,39.93,25.095,15.13,5.805,38.9,15.156,8.2
2026-06-24,final,,163.43,13.0158,68.315,949,1635,206.925,208.975,473.525,343.925,120.46,350,253.6,1057.1,4945,400.5,298.575,222,12.495,12.25,1620.5,20.43,361.2,115.85,210.6,99.29,22.86,303.625,9.7355,223.5,978.8,135.48,77.8,1493.8,124.4175,203.8,107.17,164.55,9.0855,9.7828,70.785,219.8665,176.165,19.262,20.6575,189.695,390.41,357.25,761.75,322.275,176.45,238.65,91.44,25.305,46.08,931.6,290.425,237.275,117.86,145.07,133.1,42.095,125.225,67.34,66.92,30.2075,1880,66.015,38.04,24.56,14.665,5.4525,36.5,15.621,8.025
2026-06-25,final,,161.95,12.987,68.6575,900,1625,199.54,210.1,467.275,334,117.18,352.675,246.9,1060.6,5005,383.75,272,227.3,12.3225,11.88,1614,19.4225,369.1,116.6,206.975,94.635,23.115,302.275,9.826,196.4,993.95,134.02,78.075,1485.9,124.07,205.825,105.61,164.28,9.1845,9.548,70.74,215.8915,173.38,19.102,20.8775,192.725,385.89,357.05,755.05,311.225,171.79,225.375,87.255,23.9925,42.28,951.1,286.3,236.825,119.35,147.76,134.4,42.23,129.4,67.825,69.86,30.24,2070,65.745,36.07,24.3675,13.95,5.16,32.1,14.427,7.575
2026-06-26,final,,164.99,12.9468,69.835,784,1550,203.5,208.9,454.875,320.575,111.77,331.225,232.475,993.2,4800,379.5,226.1,216.95,11.44,12.42,1569.8,19.9625,353.8,115.4,204.2,98.865,23.085,296.925,9.5845,190.8,1065.4,133.66,77.07,1468.6,123.4725,203.25,102.45,163.4,9.182,9.8108,72.415,207.429,160.895,18.945,20.17,164.83,371.94,332.9,714,327.125,168.87,210.85,84.07,23.9675,41.2425,916.8,266.725,231.25,121.68,143.52,135.2,42.6075,131.925,68.89,67.46,29.7775,1830,62.6,34.32,25.0175,14.2,5.2725,33.7,15.017,7.3
2026-06-29,final,,162.45,13.0518,68.2125,846,1500,209.925,216.475,470.475,325.7,114.95,359.325,240.625,996.65,4630,397,241.65,242.85,11.3175,12.85,1636.5,20.88,357.5,115.45,204.7,101.18,23.9,308.875,9.9625,196.4,1074.3,143.33,77.12,1494.8,124.3275,203.75,105.94,164.12,9.16,9.656,72.36,225.9315,183.49,19.367,20.7475,178.475,393.55,340.05,742.8,323.025,170.6,228.175,83.43,22.715,40.1575,964.6,269.15,227.325,120.33,142.62,134.375,42.06,130.525,68.165,69.32,30.365,1795,65.07,33.12,24.3,13.475,5.055,31.5,13.918,7.75
2026-06-30,final,,157.5,13.1508,68.025,842,1565,208.9,217.275,507.15,329.75,121.45,380.325,259.35,1005.2,4715,417,295.6,265.075,11.61,12.65,1732.5,20.94,373,116.65,208,103.08,24.59,311.875,10.2888,209.75,1050.5,149.17,78.27,1520.8,125.16,206.1,110.14,165.42,9.2365,9.706,71.215,228.199,185.765,19.68,21.2025,198.355,414.47,342.7,748.75,326.725,174.78,243.55,88.03,22.455,40.51,1026.75,292.675,218.05,120.09,138.78,133.45,41.625,127.875,66.98,70.34,30.8175,1965,65.66,32.78,23.865,12.6875,5.0295,34.2,13.939,8.375
2026-07-01,final,,158.37,13.1765,68.6275,800,1405,212.475,220.025,476.275,324.05,112.18,343.55,238.875,910.1,4350,393,256.8,234.55,11.325,12.8,1626.9,20.67,362.75,115.65,208.9,109.88,25.055,316.775,10.0425,198,1045.9,139.12,78.465,1504.5,125.4325,206.125,103.75,165.33,9.261,9.9435,71.33,235.2345,194.07,19.497,20.1825,168.56,398.74,322.9,701.9,337.875,173.31,202.9,75.525,20.74,38.1475,1000.25,273.9,207.525,118.04,134.73,132.35,41.48,123.75,66.73,64.56,31.04,1795,62.24,31.4,21.1325,11.96,4.718,30.9,13.58,8.05
2026-07-02,final,,154.44,13.1092,69.905,724,1285,212.125,222.975,453.825,314.775,105.43,308.475,215.725,855.45,4020,380,236.575,206.925,10.5975,12.49,1551.2,19.74,348.7,118.95,210,113.26,25.125,314.125,9.6885,183.1,1061,140.16,81.635,1473.4,125.2325,211.075,98.38,164.85,9.1425,9.8948,73.515,228.1835,190.445,19.251,19.383,140.705,377.15,292,632.65,341.525,170.14,189.31,71.75,18.798,34.155,973.9,263.35,209.5,120.04,131.88,134.675,42.405,119.85,67.98,58.83,30.5425,1535,59.835,29.01,19.319,11.12,4.031,27.6,12.156,7.5
2026-07-03,final,,156.66,13.1545,70.775,745,1407.5,212.25,223.025,464.25,324.775,109,327,224.875,911,4450,395,246.05,217.625,11.1775,12.75,1626.9,20.11,351.55,119,209.775,112.36,25.1,314.825,9.89,198.9,1054.9,141.68,81.885,1488.9,125.75,212.75,101.92,165.93,9.2385,9.8512,72.77,230.7205,190.125,19.428,19.875,152.14,389.15,309.6,652.55,342,171.84,193,74.155,19.141,36.335,989.6,272.8,215.425,122.25,135.26,134.65,42.42,120.975,68.41,59.32,30.8525,1635,62.795,30.5,20.1,11.5625,4.109,27.9,12.356,7.575
2026-07-06,final,,160.35,13.2102,70.6325,756,1400,213.575,225.4,483.575,327.1,107.05,305.3,217.175,862.4,4570,396.5,257.6,203.875,10.945,13.15,1598,19.77,361.3,119.05,214.375,116.11,24.62,319.925,9.919,192.5,1051.2,138.28,82.26,1491.2,126.3625,212.75,100.88,166.65,9.226,9.8588,72.53,242.747,203.06,19.565,19.983,147.345,390.86,293.8,640.05,338.325,170.66,186.07,75.96,20.0875,38.825,1008,278.425,215.625,118.85,136.95,132.35,41.7125,123.25,67.14,59.01,31.325,1525,62.545,29.44,20.0415,11.8275,4.254,31.1,12.495,7.55
2026-07-07,final,,155.07,13.1738,69.83,724,1267.5,215.225,226.15,454.1,324.975,96.43,286.65,203.55,821.5,4235,380,237.1,190.44,10.3275,12.88,1527.8,18.5425,347,118.1,217.9,118.07,23.96,321.25,9.5755,172.8,1083,132.34,82.45,1467.6,125.73,209.9,96.08,165.39,9.1105,9.557,73.745,241.559,202.4,19.154,19.018,122.165,370.85,275.7,613.5,340.9,172.24,172,72.69,18.701,35.1175,944.7,266.775,210.125,121.59,136.35,134.875,42.405,120.925,67.49,57.29,31.0225,1425,58.7,27.08,18.644,10.9425,3.909,29.4,11.352,6.2
2026-07-08,final,,155.71,13.1062,69.325,746,1315,213.05,220.1,450.55,339.35,96.025,290.7,202.825,824.25,4235,381.5,221.35,193.63,10.4675,12.78,1546.8,18.085,349.75,114.05,213.325,115.59,23.55,316.65,9.6335,179.4,1064.2,130.89,79.94,1470.5,125.0075,206,97.735,164.61,8.9975,9.1548,73.14,234.4615,193.415,19.153,19.144,131.54,373.14,277.15,615.5,335.6,178.09,188.61,77.79,20.745,37.4425,937.3,277.775,213.475,118.95,134.77,132.6,42.1175,120.29,66.665,58.37,30.8125,1505,59.58,27.54,18.434,10.84,3.988,32.2,11.049,6.45
2026-07-09,final,,158.27,13.2392,69.9525,780,1427.5,215.45,216.75,477.9,352.325,98.585,310.75,213.8,866.95,4295,383.75,224.75,201.45,11.345,12.82,1582.4,18.545,354.65,117.55,213.9,112.68,24.13,313.3,9.925,191.6,1065.1,133.62,82.015,1494.2,126.015,207.05,100.77,165.97,9.1145,9.4242,72.265,231.426,189.245,19.693,19.655,147.98,390.94,286.85,687.55,336.075,177.19,188.45,78.335,20.735,36.69,941.3,283.775,219.025,117.1,138.36,130.35,41.64,122.9,65.62,59.72,31.2225,1620,62.555,28.31,18.886,11.29,4.252,34.2,12.542,6.325
2026-07-10,final,,158.98,13.3172,69.985,800,1302.5,215.3,213.2,489.175,350.475,96.175,307.65,207.575,858.95,4220,381,214.5,202.675,10.9275,12.58,1576.2,17.6175,356.7,117.85,213,110.98,23.46,312.825,9.982,188.2,1041.2,127.77,83.21,1501.4,126.6475,206.85,101.3,166.87,9.161,9.4518,73.08,230.3335,188.38,19.491,19.747,146.605,393.88,284.65,703.1,337.95,184.54,192.13,77.81,20.58,35.88,957.4,279.8,219.5,117.97,139.03,131.7,42,123.025,66.05,62.83,31.565,1695,62.56,27.42,18.412,11.3,4.088,34,11.646,6.025
2026-07-13,final,,154.63,13.2298,68.1875,754,1097.5,217.05,214.2,469.425,337.575,90.59,289.3,190.16,816.85,3815,371,203.75,195.45,10.3,12.1,1519.6,16.365,353.8,115.75,214.05,113.64,23.785,309.8,9.67,180.4,1038.9,121.86,82.05,1477.4,126.06,206.075,97.04,165.38,9.0585,8.6942,74.06,225.043,181.5,19.303,19.391,127.715,374.02,269.3,669.75,343.275,178.85,183.66,73.005,19.862,34.095,915.4,268.475,225.925,119.44,138.36,132.375,42.66,122.575,66.48,59.06,31.2375,1455,60.195,25.35,17.684,10.82,3.791,31.8,10.689,5.75
2026-07-14,final,,157.12,13.2518,68.72,766,1237.5,216.3,207.9,479.8,341.2,94.44,304.625,194.15,859.35,4115,369.25,214,201.7,10.3175,12.18,1561.5,16.6125,364.15,116.25,211.35,117.07,24.02,314.3,9.8485,183.7,1011.8,119.76,82.13,1489,126.2475,206.425,99.425,165.97,9.1005,8.5585,72.845,232.8835,191.26,19.311,19.655,136.45,384.83,272.95,714.25,337.475,185.37,170.65,70.125,19.386,33.9375,934.5,265.85,227.625,117.98,140.67,130.15,42.985,121.15,65.8,60.85,31.3025,1530,61.445,25,17.663,11.82,3.936,27.7,10.932,6.025
2026-07-15,final,,157.37,13.2495,68.87,722,1147.5,222.55,212.775,461.875,343.85,89.935,291.925,180.46,788.7,3885,367,207.25,195.83,9.841,12.14,1580.6,15.9575,360.1,114.95,210.9,116.66,23.885,322.975,9.7355,181,1007.9,118.47,81.345,1478.3,126.245,206.1,96.825,165.64,9.06,8.436,72.015,248.1095,209.64,19.069,19.179,124.525,379.32,259.9,653.25,345.55,185,172.07,67.165,19.821,33.525,919.4,266.225,225.225,115.6,139.47,127.85,42.255,120.275,64.57,58.08,31.305,1405,59.235,25.38,17.539,12.29,3.803,25.3,10.962,5.85
2026-07-16,final,,150.24,13.1972,67.42,654,1001,218.325,209.6,437.625,329.95,84.615,280.45,164.35,748.75,3600,358,182.05,192.85,9.117,12.1,1566.8,14.8225,346.4,113.9,219.35,116.98,23.82,311.375,9.4335,168.9,1022.4,114.93,82.275,1454.9,125.6675,205.15,93.14,164.75,9.026,8.5795,73.125,228.991,187.175,18.809,18.455,110.69,361.67,241.3,616,349.975,180.8,151.44,63.93,18.371,30.7875,904.5,256.925,219.75,116.62,133.22,129.825,42.9075,115.91,65.01,53.47,30.925,1235,54.73,23.22,16.432,11.31,3.428,22.7,9.8795,5.175
2026-07-17,final,,148.18,13.0718,68.1375,688,1009,216.125,206.75,430.875,324,82.595,274.575,164.5,738.7,3655,347.5,187.65,186.03,8.846,11.99,1527.2,14.6225,349.5,111.95,218.375,115.48,23.795,303.15,9.1765,158.7,1029,108.34,80.275,1437,124.6975,204.6,91.445,163.43,8.977,8.3948,71.405,216.685,170.73,18.385,18.502,103.265,346.72,242.5,636,344.55,177.24,155.82,64.215,18.216,29.5275,924.6,253.475,220.775,115.7,135.65,129.5,42.435,113,64.38,52.57,30.5325,1185,54.375,22.55,16.006,11.39,3.438,22.1,9.377,5.125
2026-07-20,final,,154.25,13.0788,68.165,704,1045,218.7,209.4,441.35,331.225,85.135,267.45,170.77,763.75,3700,352.5,174.5,180.81,8.901,11.94,1523.3,14.665,351.4,112,215.75,117.74,24.13,308.75,9.1885,156.8,1003.2,105.54,80.685,1439.4,124.5825,203.775,91.975,163.34,8.9685,8.2242,71.735,224.4705,179.455,18.79,18.627,106.81,346.04,250.05,672.85,350.85,177.57,160.5,63.9,19.621,35.41,945.6,255.925,221.65,114.82,138.34,127.925,42.645,114.4,63.84,52.96,30.6525,1225,54.305,24.46,17.488,12.64,3.8,23.7,9.9615,5.275
2026-07-21,final,,160.76,13.2012,69.355,788,1165,216.85,207.5,477.85,338.6,92.515,282.225,184.28,858.75,4050,373,199.48,190.48,9.466,11.95,1581.6,15.6575,353.55,116.35,207.6,116.07,23.96,305.15,9.5435,182.3,1031.3,109.16,82.82,1467.1,125.885,206.7,97.795,165.33,9.0895,8.0972,71.955,218.5,172.235,21.0625,19.295,123.23,366.37,279.15,736.75,348.425,181.38,192.09,71.72,21.1375,36.43,952.6,268.125,230.075,114.14,143.46,127.25,42.545,115.475,63.58,57.18,31.13,1425,57.41,26.71,18.832,13.735,4.045,24.2,10.936,5.3
2026-07-22,final,,159.9,13.1872,70.225,802,1115,214.125,205.05,484.675,349.275,90.5,280.275,185.64,854.2,3955,370.5,192.36,188.74,9.323,12.25,1579,15.3125,356.8,115.75,210.75,109.63,23.57,288.35,9.451,178.4,1019.6,101.81,83.665,1460.5,125.7525,207.275,97.575,165.07,9.0955,7.9685,72.165,212.654,145.195,20.7925,19.341,125.4,361.18,276.9,745.8,342.15,186.53,197.85,73.58,20.6575,36.76,869.5,264.5,240.6,116.61,145.89,130.1,43.2025,122.59,64.83,55.24,30.9625,1425,57.93,26.48,20.4375,13.42,4.117,24.6,10.742,5.275
2026-07-23,final,,160.46,13.0875,69.105,810,1130,206.05,202.4,487.425,345.925,96.61,286.525,185.7,874.35,3965,366.25,193.35,197.52,8.664,12.74,1606.9,15.0925,364.75,112.65,211.05,107.88,23.6,280.275,9.1395,170.1,1039.8,103.59,79.735,1439.1,124.6975,204.375,97.45,163.75,9.0355,7.7248,71.33,183.658,130.625,20.9325,19.319,122.5,342.22,277.65,734.95,336,183.82,194.8,71.635,21.115,36.0125,907.9,268.35,241.95,118.15,147.68,130.15,43.4925,125.675,65.19,53.07,30.425,1430,46.8325,26.44,21.18,13.84,4.301,24.1,10.786,5.075
2026-07-24,final,,154.32,13.0725,69.085,748,1025,203.975,204.35,459.475,335.85,81.38,268.65,170.2,809.65,3665,354.75,165.45,186.35,8.077,13.05,1546.8,14.305,355.45,115.25,213.7,108.14,23.22,281.225,8.8955,159.1,1051.7,101.12,80.25,1420.6,124.845,206.625,93.33,163.61,9.047,7.8045,72.315,186.491,131.485,19.236,19.077,107.415,328.67,249.6,675.2,335.525,182.06,167.19,63.605,20.01,32.65,891,256.375,240.95,118.73,143.56,131.425,43.895,124.025,65.69,47.545,30.36,1265,45.4875,24.12,19.856,12.76,3.758,21,10.173,4.43
2026-07-27,final,,154.29,13.0868,69.545,720,1012.5,203.675,214.6,434.3,337.1,80.16,255.65,166.73,788.1,3635,350.5,166.1,178.34,8.163,12.72,1456.4,17.13,350.5,115,213.3,115.6,22.9,287.55,8.848,141.7,1054,99.325,81.94,1416.7,125.135,210.025,90.925,164.02,9.0655,8.3362,73.97,193.0075,141.265,18.5,18.595,99.01,327.5,238.6,627.5,342.25,173.22,165.69,62.74,18.251,32.08,874.8,252.825,237.25,117.61,138.2,130.475,43.49,120.3,65.33,46.26,30.475,1125,46.7475,24.44,19.382,12.37,3.585,20.3,9.991,4.34
2026-07-28,final,,149.99,13.0922,68.625,710,922,202.925,217.65,399.975,334.3,76.435,234.7,153.72,725.9,3345,346.25,161.8,152.23,7.857,12.58,1390.3,15.375,339.55,114.05,222.5,108.49,22.235,293.95,8.6755,124.4,1071.5,102.42,81.395,1402,125.245,210.4,86.785,163.88,9.0355,8.5932,77.485,200.765,149.165,17.114,17.958,84.98,316.46,214.2,581.9,345.725,173.1,147.91,59.275,18.419,29.9775,831.8,239,228.55,116.76,130.5,128.4,43.58,111.4,65.42,41.635,30.525,980,44.2975,23.33,18.675,11.775,3.267,20.7,9.1,3.69
2026-07-29,final,,141.49,12.804,68.945,664,820,198.24,214.875,370.275,320.4,69.935,233.775,139.88,624.8,3155,324.5,139.9,147.4,7.306,12.67,1350.7,14.15,316.05,114.1,259.75,105.79,22.13,290.7,8.234,115,1055.7,97.64,79.73,1362.3,122.8875,209.125,81.44,160.53,8.8055,7.9858,77.935,198.1865,145.175,15.855,17.24,73.4975,294.65,190.925,520.1,350.625,165.35,127.48,52.64,15.768,25.6025,781.4,191.95,223.525,112.86,123.79,125.05,42.925,108.275,64.85,37.87,29.3175,880,42.2475,19.95,15.983,10.495,2.753,18.15,7.7645,3.27
2026-07-30,final,,152.31,12.9512,69.1625,748,971,220.75,213.85,424.6,336.5,80.16,261.4,162.44,770.9,3660,351,189.54,157.73,8.012,12.52,1445.4,15.555,336.2,114.15,256.5,106.25,23.59,290.225,8.772,137.4,1002.3,97.76,81.505,1402.1,124.4425,211.825,89.1,163.15,8.9665,8.0505,76.635,199.132,149.15,18.411,18.145,89.79,322.6,222.35,612.1,389.2,169.56,168.2,65.09,18.951,33.775,854.4,199.645,229.75,111.01,129.27,122.9,42.255,116.225,62.68,45.465,29.8925,1150,45.95,24.61,19.223,12.705,3.564,22.7,9.625,3.78
2026-07-31,final,,149.1,12.9982,68.155,736,952,234.9,209.65,413.975,336.825,77.97,254.225,161.83,709.55,3585,350.5,179.31,158.51,7.958,12.16,1424,15.6575,360.05,113.95,254.75,106.33,23.34,308.125,8.849,131.8,999.15,93.68,81.64,1403.1,124.8,212,87.96,163.75,8.944,7.9395,76.415,224.7985,177.815,17.911,18.27,89.8775,327.69,226.15,616.35,402.575,173.03,164.55,61.7,18.065,31.7875,855.3,209.425,226.65,110.89,128.54,123.075,41.825,116.475,62.43,44.59,30.08,1050,45.485,23.61,17.496,11.93,3.441,20.7,9.128,3.6
2026-08-03,final,,153.59,13.248,68.335,722,958,245.475,212.775,423.725,340.825,79.085,256.375,169.77,719.95,3675,353.75,190.35,159.08,8.163,12.35,1428.4,17.37,380.35,115.25,263.9,122.37,23.25,323.175,9.1805,140.5,974.8,99.335,83.655,1436.2,126.3925,214.875,89.205,165.58,9.059,8.3908,75.48,243.7145,200.145,18.296,18.224,93.2375,344.85,251.5,678.7,422.95,179.58,186.6,74.4,19.879,34.6225,875.2,230.5,238.125,111.76,134.98,123.125,42.085,120.41,62.34,48.245,31.2075,1125,45.4525,25.78,18.707,12.71,3.65,22.5,9.8565,4.41
2026-08-04,final,,153.74,13.4808,68.6925,728,1015,240.925,208.825,415.45,360.75,85.275,272.95,187.6,763.6,3890,358.5,195.44,168.07,8.685,12.46,1474.3,18.8275,385.35,117.05,266.55,139.42,23.585,329.825,9.765,147.1,974.45,102.66,85.28,1480.1,128.2025,217.325,92.525,168.14,9.197,8.7205,75.095,251.9105,210.36,19.685,19.017,108.065,378.01,277.1,732.95,427.6,185.33,193.42,79.2,19.873,35.0725,879.8,233.2,234.1,111.72,124.98,122.9,41.865,101.55,62.2,50.23,31.865,1215,47.325,26.89,18.86,12.25,3.561,23.1,9.9215,4.66
2026-08-05,final,,150.31,13.4272,71.34,708,979,236.05,203.8,417.375,363.7,87.74,268.025,182.62,775.7,3740,357,200.9,166.36,8.369,12.55,1451.8,18.57,388,120.6,263.05,136.47,23.01,313.55,9.6055,143,1008.6,93.955,84.99,1467.3,128.055,215.825,92.755,167.79,9.185,8.7558,75.21,228.6615,181.625,18.809,18.943,106.01,370.8,281.3,711.65,421.65,190.4,187.28,76.59,18.791,33.365,882.6,239.9,229.725,110.08,121.9,120.875,41.345,104.49,61.96,51.7,32.025,1130,46.05,25.78,18.625,11.64,3.4,22.3,9.574,4.62
2026-08-06,final,,150.39,13.4252,71.315,742,930,236.05,202.2,423.75,364.825,86.72,265,182.61,768.55,3605,363,200.625,167.24,8.205,12.2,1478.7,16.81,389.1,121.8,261.9,135.22,23.4,310.675,9.557,146.3,1033.7,99.06,84.61,1465.2,128.115,215.825,93.245,167.78,9.152,8.4858,75.27,224.543,176.415,18.543,18.852,107.58,365.94,296.5,736.7,433,189.98,168.41,74.35,18.222,33,868.7,241.125,227.325,108.75,123.79,121.45,41.105,103.375,61.79,49.505,31.9825,1100,46.1925,25.11,18.409,11.3825,3.321,21.3,9.1185,4.86
2026-08-07,final,,150.75,13.4528,72.8925,704,898,237.425,213.075,417.725,369.7,87.835,269.25,188.72,758.3,3570,363.5,189.45,171.57,8.156,12.13,1504,17.94,388,120.65,269,148.37,23.795,306.575,9.73,144.5,1024.5,115.75,84.515,1477.3,128.615,217.25,94.03,168.51,9.228,8.5112,75.33,219.639,170.95,18.168,18.678,112.97,376.96,328.8,771.15,432.575,193.48,162.49,78.82,18.275,35.7825,856.8,236.275,233.25,108.78,121.84,120.95,41.04,102.23,61.44,50.18,32.19,1060,48.3925,25.28,17.765,10.73,3.376,21.4,9.4195,5.1
2026-08-10,final,,148.17,13.4785,73.6725,696,868,240.4,219.55,407.55,365.925,84.955,265.4,181.91,750.95,3480,363.25,183,167.3,8.032,12.13,1506.7,17.47,385.65,120.2,271.3,150.55,23.585,309.475,9.682,148,1066.3,119,84.41,1474.6,128.6725,217.025,92.91,168.4,9.199,7.985,75.265,222.199,173.785,17.993,18.672,106.4,373,283.25,710.95,437.925,190,160.73,76.525,17.12,33.7425,858.1,234.825,234.8,106.4,123.85,118.5,40.51,103.25,59.82,51.24,32.295,1080,47.3675,25.15,18.606,10.12,2.981,20.6,7.6685,4.6
2026-08-11,final,,149.22,13.4388,73.4475,712,904,236,217.05,410.55,360.45,84.465,270.15,184.7,750.1,3735,366,183.76,173.86,8.27,12.44,1557.6,17.5275,397.95,120.05,268.3,150.76,23.575,298.675,9.6125,150.5,1052.1,115,84.565,1469.2,128.415,217.4,93.05,168.22,9.23,7.8938,74.96,209.293,158.59,18.315,18.653,106.225,368.96,286.2,707.75,435.025,188.55,176.97,87.005,17.667,35.3225,876.9,244.475,241.625,107.14,125.74,119.325,40.615,103.84,60.21,50.87,32.3775,1110,47.6775,26.33,17.552,10.075,2.956,21.2,7.5545,4.75
2026-08-12,final,,151.3,13.4865,74.2675,760,979,232.15,210.925,418.5,360.275,87.57,283.2,188.5,792.5,4035,372.5,206.025,180.57,9.078,12.44,1567.2,17.9375,398.75,122.05,269,148.34,28.025,298.05,9.7615,162.8,1059.3,126.65,85.08,1481.1,129.015,217.4,95.115,169.12,9.2895,7.9218,75.285,206.39,155.055,19.42,19.156,115.14,377.44,296.5,806,426.475,193.89,219.55,91.97,18.162,37.7325,904.3,250.1,241.3,108.23,127.14,120.275,40.77,104.775,60.765,53.63,32.315,1170,47.12,26.91,17.615,10.545,3.094,24,7.828,4.35
2026-08-13,final,,152,13.586,73.125,808,1042.5,229.975,210.125,420.575,363.525,91.155,290.75,194.62,833.35,4195,374.75,206.175,181.73,9.278,12.53,1609.2,18.1475,393.35,123.5,270.6,154.39,27.825,300.5,9.989,165.7,1049.8,123.02,85.585,1500,129.7025,217.5,96.265,170.14,9.346,8.0318,75.845,207.8925,156.775,20.44,19.339,120.16,390.3,286.7,773.7,430.05,195.5,222.075,92.235,17.255,39.18,910.5,249.35,241.8,108.76,127.11,121.05,40.62,103.86,61.17,52.02,32.7925,1350,46.91,26.66,16.732,10.035,2.914,24.4,7.628,4.19
2026-08-14,final,,152.58,13.5022,73.3,842,1017.5,227.025,213.35,444.275,339.975,88.965,287.075,191.8,839,4115,368.5,198.43,176.05,9.311,12.26,1591.7,18.2125,390.5,122.65,268.1,150.26,27.355,299.725,9.9155,172.6,1019.7,120.94,85.32,1491.4,129.0175,218.125,95.475,169.18,9.34,7.9205,75.795,207.644,156.75,20.62,19.094,113.205,386.42,281.6,799.55,427.9,194.44,238.725,90.775,17.482,38.065,918.5,253.9,244.25,108.56,128.07,121.75,40.925,109.1,61.44,54.71,32.3925,1430,47.0325,27,16.434,10.42,3.145,25.5,7.9825,4.43
2026-08-17,final,,152.98,13.4245,73.9375,858,1065,225.675,208.65,436.9,338.9,89.355,296.775,201.95,872.5,4315,371.75,201.225,177.55,9.366,12.17,1624,17.985,393.55,122.1,265.2,148.61,27.355,296.9,9.875,170.9,1021.7,125.8,83.875,1487.5,128.4,216.725,97.095,168.63,9.305,7.7482,75.135,203.489,152.115,21.5675,19.441,120.6,384.74,302.15,835.15,414.75,194.29,231.675,91.21,17.403,38.845,932.6,252.525,240.2,109.24,126.34,121.925,40.935,105.725,61.69,56.89,32.035,1550,48.0475,26.87,17.293,10.6775,3.248,26.1,8.1245,4.23
2026-08-18,final,,147.45,13.3368,72.8075,782,970,224.1,209.15,417.7,328.35,83.34,283.125,186.51,811.35,3895,357,180.58,168.06,8.978,12.41,1555.4,16.815,372.85,121.25,256.85,147.95,27.26,297.05,9.5405,150.4,1058.6,123.56,83.405,1462.7,127.3775,215.425,92.55,166.99,9.2185,7.6488,76.75,203.8755,152.525,19.831,18.71,101.525,364.84,264.95,753.25,415.975,189.78,214.35,80.195,16.265,36.2475,869,234.925,230.9,109.2,121.37,121.125,40.845,99.995,61.39,53.51,31.5875,1400,45.1775,24.61,16.344,10.125,2.749,22.7,7.7785,4.03
2026-08-19,final,,151.99,13.2582,74.9375,716,987,228.225,203.075,399.35,311.85,79.675,263.575,204.425,804.75,3935,353,177.03,160.95,8.757,12.41,1504.7,16.59,363.75,119.45,254.45,150.15,27.895,295.325,9.43,151.3,1096.2,119.59,82.385,1448.6,126.6575,214.925,89.92,166.18,9.175,7.6228,77.395,202.4805,151.61,19.519,18.318,95.3425,360.12,248.8,716.15,415.1,186.7,194.52,78.2,16.03,36.9825,846.1,224.975,234.525,108.16,122.07,119.175,40.405,103.275,60.47,50.03,31.2325,1360,43.385,24.29,16.672,10.08,2.778,18.15,8.304,3.91
2026-08-20,final,,156.82,13.1538,75.275,728,1045,223.05,205.975,401.375,312.525,78.845,265.925,214.025,832.85,4125,356,173.27,159.35,8.739,11.77,1499.2,16.1,356.4,120.05,251,148.95,28.375,291.95,9.29,143,1067.5,114.18,82.82,1437.5,125.7575,213.975,90.175,165.28,9.111,7.4285,77.525,198.1455,146.69,20.17,18.163,95.235,352.24,248.7,750.5,412.25,185.84,188.16,77.025,15.842,36.44,827.3,226.775,233.825,107.74,119.21,118.275,40.395,99.27,59.79,46.41,30.66,1370,42.675,24.57,17.958,10.7525,2.888,18.15,8.936,3.75
2026-08-21,final,,160.54,13.1842,76.515,728,1065,222.025,208.225,404.2,314.775,77.1,268.975,202.95,826.3,4160,358.5,172.17,157.44,8.801,11.78,1506.9,17.44,359.15,121.45,251.35,153.91,27.82,295.25,9.3395,142,1074.6,117.19,83.48,1441,126.4225,215.075,89.95,166.22,9.1535,7.386,78.005,202.377,151.365,20.114,18.27,94.085,354.82,247.25,741.55,413.25,184.1,188.16,75.135,15.283,35.87,819.1,224.025,233.45,103.64,116.91,115.925,39.42,96.87,58.51,45.63,30.83,1370,43.475,23.32,16.981,10.2675,2.858,17.75,9.741,3.82
2026-08-24,final,,158.73,13.181,77.3875,682,1010,224.95,200.675,391.725,307.575,74.65,265.95,196.78,780.05,3915,351,175.14,155.77,8.559,11.46,1494.4,16.105,350.5,122.4,250.8,150.79,28.145,298.525,9.2,129.9,1070,115.66,84.35,1431.6,126.2875,215.2,87.695,165.81,9.1435,7.5312,79.005,206.021,155.37,19.032,17.894,85.775,345.55,236.25,711.6,418.25,178.92,181.07,73.83,14.849,34.175,807.6,218.725,234.6,104.69,117.01,116.4,39.95,95.94,58.655,45.92,30.815,1285,42.57,23.02,17.161,10.2425,2.795,17.85,9.3665,3.73
2026-08-25,final,,163.86,13.203,77.43,702,1045,223.55,199.72,411.725,306.225,74.97,269.625,206.45,799.2,4020,357.5,186.2,157.13,8.885,11.97,1495.4,16.58,350.45,123.55,247.1,147.76,28.07,297.25,9.2645,135.7,1055.8,118.13,84.395,1436.4,126.66,216.525,89.095,166.4,9.173,7.8315,78.505,204.046,153.205,19.617,18.131,90.77,350.51,246.5,756.45,420.3,182.97,190.02,75.7,15.476,36.1425,793.8,218.975,238.275,105.16,119.41,116.6,40.02,97.31,58.88,45.3,30.9075,1270,42.5525,24.8,18.226,10.87,2.983,17.45,9.6555,4.01
2026-08-26,final,,162.87,13.2568,76.4975,734,1037.5,223.375,201.175,412.525,305.775,76.17,269.775,215.225,816.6,4065,360.5,190.15,158.72,8.954,11.42,1501.9,15.24,360.05,125.5,248.25,153.07,27.725,293.775,9.3505,138.4,1021.7,119.69,86.055,1443.8,126.7975,216.725,89.655,166.81,9.205,7.78,77.395,199.3205,147.715,19.8755,18.232,92.63,355.2,256.1,811.4,427.075,180.61,188.17,76.885,15.21,34.4925,820.7,227.75,241.15,105.93,120.69,118.6,40.12,99.89,59.4,44.43,31.1675,1330,42.755,23.5,17.849,10.515,2.948,17.35,9.1805,3.91
2026-08-27,final,,167.02,13.3155,76.525,724,1057.5,220,200.06,407.6,317.675,78.71,273.15,202.35,795.8,4030,365.75,186.63,157.22,9.133,11.73,1485.3,15.3925,357.25,122.15,248.6,158.73,28.98,292.275,9.5325,149.8,1008.8,120.68,83.67,1458.6,127.28,217.4,90.905,167.36,9.215,7.646,76.505,197.5165,145.705,19.875,18.173,96.8,364.73,252,812.6,432.05,194.66,186.8,74.335,15.118,34.22,814.7,230.725,241.925,105.28,119.87,116.9,39.695,98.3,58.65,45.45,31.3975,1270,44.0425,23.6,17.91,11.11,3.019,16.75,9.727,4.27
2026-08-28,final,,161.16,13.3665,74.6475,716,1035,229.875,203.4,402.9,317.825,77.19,261.3,187.23,804.7,4005,361.25,182.23,152.09,8.855,11.79,1469.9,14.715,347.8,123.55,246.25,160.51,28.305,299.175,9.497,151.1,1011.9,121.63,84.6,1460.1,127.645,218.85,89.24,167.75,9.1575,7.7118,77.43,204.6455,153.18,19.576,18.065,88.545,361.56,241.35,773.45,443.125,187.93,180.22,72.75,14.292,30.8075,788.3,222.675,239.2,105.6,118.58,117.25,39.61,96.04,58.88,43.055,31.605,1280,42.7625,22.01,16.413,10.1025,2.791,15.45,8.9035,4.15
2026-08-31,final,,162.19,13.2945,74.29,714,1050,223.775,190.15,404.825,318.975,77.065,259.625,182.33,821.45,4025,358,177.5,151.21,8.762,11.93,1459.7,14.7725,346.075,121.55,244.7,160.46,28.4,292.425,9.4465,153,997.25,123.52,84.05,1455.9,127.04,215.95,89.39,167.03,9.1175,7.469,76.42,195.5835,143.14,19.605,17.956,88.77,360.3,239.75,786.85,436.95,189.97,177.85,73.195,14.051,31.9275,773.4,223,236.725,105.39,118.58,116.75,39.475,94.83,58.59,43.705,31.3075,1330,43.26,21.88,16.291,10.0225,2.709,16.35,9.318,3.87
2026-09-01,final,,158.69,13.2302,72.4625,703.95,1025,219.95,187.05,397.05,319.75,76.805,250.75,179.73,804.25,3925,357.25,183.26,147.66,8.666,11.75,1437.9,14.2675,336.825,122.65,237.35,154.83,27.855,289.175,9.2705,144.4,1000.75,122.59,82.925,1443.1,126.205,212.7,87.895,166.09,9.078,7.1478,75.92,191.7745,138.745,19.294,17.859,83.385,349.06,234.35,749.9,432.425,187.67,171.57,70.32,13.948,31.4725,774.2,221.05,241.95,106.12,119.2,116.95,39.825,94.51,58.63,42.78,30.9675,1330,42.6675,20.97,15.354,9.57,2.651,15.15,8.9275,3.71
2026-09-02,final,,160.29,13.2778,73.415,694,1037.5,220.275,186.55,393.525,305.65,77.505,248.65,177,819.75,4010,357.25,186.55,148.58,8.538,11.67,1447.3,14.19,337.125,121.95,238.375,146.45,28.17,291.025,9.2635,152.6,1002.2,121.11,83.94,1442.9,126.76,213.175,88.4,166.78,9.072,7.1535,76.305,193.684,140.84,19.269,17.897,84.015,348.39,230.95,747.3,430.175,193.31,174.76,69.465,14.427,33.4775,793.4,220.975,249.775,106.65,123.69,117,39.945,95.77,58.73,45.55,31.1275,1340,43.9275,21.41,16.037,9.737,2.672,14.85,9.284,3.69
2026-09-03,final,,168.67,13.3695,74.68,686,1032.5,222.65,184.18,391.8,306.85,78.64,251.7,179.28,820.95,4010,358.5,201.725,148.58,8.399,11.49,1416.2,14.49,341.375,123.75,238.5,156.92,28.565,294.625,9.4495,149.5,997.15,128.74,84.55,1455,127.7475,214.675,88.31,167.87,9.1315,7.1042,76.39,199.2295,147.1,19.17,17.959,84.005,359.43,227.35,728.15,438.15,196.5,180.28,72.51,15.333,35.49,810.8,230.925,245.225,107.25,124.07,117.95,40.465,96.13,58.99,45.765,31.6025,1340,44.0925,22.25,18.134,10.7375,2.874,16.15,10.222,3.91
2026-09-04,final,,169.41,13.3282,73.97,729.95,1090,222.275,185.01,409.8,307.6,82.305,264.75,191.52,872.6,4260,368.25,215.575,159.78,8.69,11.83,1471.6,14.315,353.875,124.1,238.4,149.87,28.42,291.65,9.484,164.6,988.75,127.29,84,1458.7,127.62,214.675,90.925,168.15,9.159,7.1038,75.905,195.5185,141.245,20.55,18.256,92.8075,361.11,242.35,757.4,429.825,197.98,193.43,76.715,15.405,38.16,811.8,240.925,257.05,107.18,128.35,117.2,40.26,102.425,58.95,47.31,31.4825,1480,45.0825,22.67,18.706,10.91,2.977,16.85,10.664,3.99
2026-09-07,final,,168.33,13.311,73.4825,727.05,1150,221.1,186.33,412.675,310.425,83.6,270.1,191.74,894.25,4355,373.5,235.075,160.35,9.214,11.89,1499.6,14.4125,357.475,124.55,239.4,149.38,29.19,290.4,9.531,177.6,988.2,129.04,84,1461.9,127.465,214.225,92.18,167.94,9.1725,7.022,76.135,194.8545,142.185,21.0275,18.356,96.4925,363.9,249.15,767.95,429.05,198.35,196.4,77.7,15.316,37.7025,827.4,243.4,255.25,106.87,131.26,116.6,40.175,103.475,58.87,47.325,31.22,1540,46.5175,22.49,18.776,10.755,2.978,17.65,10.789,4
2026-09-08,final,,168.8,13.2565,72.655,778,1157.5,221.175,183.5,434.7,316.55,89.72,278.95,193.77,863.4,4335,377,237.625,162.78,9.189,12.09,1518.5,15.1675,363.325,122.95,237.2,146.85,29.29,291.05,9.4735,166.4,967.75,131.76,84.055,1457.6,126.815,213.15,93.105,167.43,9.1115,6.905,76.07,194.441,141.725,21.06,18.592,98.105,360.39,261.2,841,424.75,194.17,210.5,86.205,16.152,40.1925,834.7,249.9,257.05,107.92,130.85,118.1,39.96,103,59.185,55.05,31.1025,1500,44.765,24.37,19.139,11.62,3.218,17.75,10.899,4.39
2026-09-09,final,,165.28,13.2002,73.325,766,1220,217.1,181.56,448.3,313.65,91.2,271.25,202.175,883,4280,374,230.825,157.42,9.288,11.97,1487.2,14.765,357.075,121.55,234.1,145.92,28.73,284.55,9.428,168.3,967.45,126.33,84.255,1453.5,125.9825,210.4,93.17,166.34,9.0165,6.7195,75.265,184.384,133.185,21.325,18.611,96.975,357.72,260.7,849.35,422.95,192.32,205.1,79.775,15.486,39.02,817.7,226,252.725,107.17,130.02,117,39.725,99.25,58.595,58.41,30.83,1520,44.34,23.31,18.964,11.39,3.194,16.65,10.594,4.21
2026-09-10,final,,161.94,13.1448,72.03,744,1150,216.875,186.88,433.975,310.75,86.385,256.725,195.65,841.95,4110,369,222,152.67,9.188,11.73,1458.6,14.38,352.325,121.85,234.4,143.1,28.23,286.2,9.2475,170.4,967.3,127.5,83.66,1441.3,125.3225,208.8,90.805,165.14,8.9315,6.3248,75.65,188.4655,135.065,20.4175,18.284,91.0675,348.2,253,807.2,424.275,188.13,197.16,77.405,15.049,37.6,795.8,214.125,246.325,106.57,126.88,115.725,39.81,96.21,58.295,55.24,30.47,1460,43.69,22.36,18.056,11.06,2.977,16.05,9.9455,3.95
2026-09-11,final,,164.98,13.266,72.6425,716,1165,221.05,185.75,443.9,311.65,88.845,257.275,203.4,840.75,4225,372.75,237.525,155.73,9.629,11.63,1465.2,14.5,366.45,121.85,243.7,144.28,28.875,291.975,9.422,167.4,961.95,130.08,85.035,1455.9,126.5525,210.625,91.875,166.68,8.989,6.5208,76.095,195.1285,142.16,20.5025,18.485,95.735,356.72,263.25,799.9,427,188.28,193.62,76.78,15.509,37.8625,823.9,221.625,245.65,106.41,128.12,114.3,39.77,97.83,57.89,58.44,31.095,1410,44.5775,22.83,18.488,11.76,3.078,16.55,10.306,3.99
2026-09-14,final,,165.47,13.2698,72.1075,700,1070,219.725,193.01,428.475,299.15,84.55,238.9,190.75,802.35,3925,364,223.325,147.42,8.524,11.78,1373.1,14.575,341.025,119.85,242.75,150.11,27.48,301.7,9.334,152.5,984.9,128.45,84.395,1452,126.46,210.275,88.05,166.34,8.9885,6.4702,77.385,206.8965,154.695,19.336,18.071,80.5725,351.46,233.8,726.9,437.15,183.91,185.15,72.125,14.666,37.525,759,207.2,229.55,105.83,122.22,113.55,39.68,94.21,57.865,52.92,31.135,1350,41.5275,21.38,18.183,11.52,2.985,15.35,10.096,3.81
2026-09-15,final,,159.37,13.2182,72.215,668,1060,215.25,183.93,437.1,294.35,84.17,234.925,192.36,803.25,3920,359.25,225.075,145.91,8.619,11.43,1381.2,14.28,340.375,118.7,241.8,149.53,27.055,298.35,9.2015,154,984.65,124.09,82.605,1442.4,125.89,209.575,87.98,165.45,8.94,6.298,76.86,202.05,149.1,19.202,18.035,79.68,343.24,235.1,727.8,431.25,184.21,179.84,70.22,13.973,35.9725,763.8,203.575,225.475,104.54,122.82,113,39.275,91.88,57.12,53.77,30.8775,1330,41.6025,20.47,17.076,10.94,2.845,14.65,9.4565,3.73
2026-09-16,final,,160.07,13.224,72,683,1092.5,214.7,184.86,447.25,296.125,88.315,234.725,200.525,810.35,3950,364.25,236.05,145.96,8.913,11.5,1393.2,14.2275,347.45,117.85,241.55,151.93,27.6,299.325,9.234,156.2,992.05,131.72,82.7,1450.6,126.165,210.25,88.835,165.96,8.976,6.5212,76.72,202.013,148.595,19.626,18.157,81.135,344.25,253.05,800.05,427.775,186.98,186.11,73.315,14.753,37.3175,810.3,210.5,226.55,105.27,122.43,114.225,39.585,93.65,57.57,56.34,30.885,1330,41.91,21.41,17.767,11.1725,2.972,14.95,9.6175,3.58
2026-09-17,final,,163.64,13.3642,73.58,698,1130,218.925,183.8,475.1,303.2,95.155,234.625,209.5,854.3,4130,374.75,244,147.12,9.309,11.57,1422.7,15.4025,356.675,122.35,239.85,153.08,28.135,302.075,9.536,165.9,1003.3,135.29,83.5,1473,127.4875,211.275,91.915,167.75,9.0495,6.557,76.735,205.452,152.45,20.435,18.513,88.715,360.78,257.45,781.2,432.775,191.04,189.02,69.79,15.021,37.9075,806.9,210.425,229.1,105.96,125.2,114.25,39.85,92.51,57.665,60.4,31.5575,1410,42.51,23.1,19.054,11.665,3.161,15.65,9.809,3.77
2026-09-18,final,,171.35,13.3958,74.0775,750,1167.5,221.475,179.29,485.275,311.3,94.71,250.675,211.325,883.5,4095,377.75,232.425,154.07,9.308,11.48,1452.3,14.86,369.825,118.7,238.65,154.67,27.695,304.8,9.6745,176.6,1004.4,132.7,81.33,1483.8,127.1475,208.625,93.755,167.32,8.9815,6.5958,76.83,208.41,155.785,21.0875,18.678,94.96,369.13,276.25,810.15,430.775,193.23,193.57,70.655,15.637,40.595,818.7,217.6,222.175,104.53,122.76,111.9,39.4475,90.3,56.875,60.66,31.705,1550,43.7725,24.36,20.655,12.5725,3.488,16.45,11.184,3.65
2026-09-21,final,,176.48,13.6008,73.4275,763,1197.5,225.575,183.1,536.55,316.275,106.22,263.725,224.225,909.05,4395,388,237.175,160.66,9.549,11.28,1490.8,15.415,379.725,121.55,244.15,159.48,28.595,310.075,10.222,184.6,1016.2,132.92,84.025,1527.3,129.09,211.15,97.92,170.08,9.061,6.6972,76.235,215.9535,164.075,21.85,19.226,109.495,399.15,280.2,834.55,437.3,197.97,202.4,74.72,16.05,41.315,825.9,218.95,228.975,104.68,123.01,110,39.205,90.06,56.44,60.21,32.7175,1540,44.995,24.71,21.1025,12.9325,3.547,17.35,11.47,3.89
2026-09-22,final,,177.59,13.6175,73.88,803,1222.5,222.65,179.52,542.65,318.05,107.83,271.35,229.2,953.5,4475,393.25,241.425,164.24,9.433,11.53,1521.7,15.82,386.475,122.55,248.8,161.47,28.205,307.125,10.381,204,1021.9,134.66,83.595,1540.8,129.395,211.725,100.07,170.53,9.0765,6.8885,77.41,211.4505,158.805,22.66,19.327,113.795,408.34,270.5,825.7,434.725,199.28,205.9,75.96,16.39,42.1925,830.5,221.65,230.55,105.08,122.79,109.525,39.07,89.72,56.14,57.39,32.745,1600,46.7525,24.88,21.7425,13.205,3.626,17.75,11.436,3.83
2026-09-23,final,,175.56,13.5998,72.9425,811,1170,219.175,181.31,540,311.95,107.42,269.9,229.15,941.1,4420,392.5,241.825,165.04,9.361,11.79,1531.5,14.87,385.375,121.65,252.6,168.06,27.69,297.4,10.297,207.25,1011.6,130.71,83.22,1538.3,128.9225,209.025,99.535,169.85,9.047,6.775,77.405,197.7965,142.975,22.4075,19.375,111.455,403.04,263.95,823.9,439.15,197.92,199.385,76.325,15.901,41.195,835.6,219.175,231.725,104,121.48,107.975,38.34,88.55,55.48,59.24,32.665,1595,46.075,24.21,21.69,12.7,3.525,16.95,10.819,3.58
2026-09-24,final,,174.51,13.5858,72.9175,793,1157.5,219,178.6,553.2,307.6,111.91,269.15,227.725,947.3,4365,396,233.925,164.15,9.173,11.63,1513.4,15.28,386.875,122.1,259.3,168.87,26.895,300.575,10.273,198.9,1039,129.87,82.64,1537.6,128.8125,209.175,99.615,169.55,8.9835,6.6558,77.415,201.061,146.44,22.0175,19.415,109.94,401.52,255.95,815.45,437.45,196.77,213.625,78.98,15.926,40.4325,838.6,216.425,229.675,103.26,121.58,106.5,38.0725,86.3,55.17,61.6,32.64,1550,45.2975,23.78,20.675,12.5,3.424,17.65,10.672,3.4
2026-09-25,final,,171.75,13.6545,72.9125,804,1185,219.25,176.9,553.5,310.075,108,276.9,230.375,950.6,4490,395.75,253.925,165.2,9.183,11.37,1530.6,15.305,386.1,123.05,258.2,166.56,26.695,302.15,10.393,203.25,1039.4,130.39,84.405,1545.2,129.3925,210.575,100.48,170.34,9.026,6.8488,77.085,204.2825,150.02,22.3625,19.508,115.57,408.55,259.75,827.25,454.225,197.59,208.525,76.88,15.266,38.7325,840.3,221.975,230.75,103.89,121.63,106.65,38.11,88.12,55.255,62.49,32.915,1560,45.51,23.07,20.21,12.25,3.358,17.25,10.16,3.35
2026-09-28,intraday,2026-09-28T19:20Z,166.44,13.5972,70.6275,815,1130,216.475,177.39,535,307.75,101.7,277.05,221.375,928.25,4310,399,233.6,167.42,8.917,11.69,1564.4,14.9475,378.25,127.3,258.25,165.26,26.735,300.65,10.196,199.75,1045.1,128.5,84.62,1531.8,128.835,210.3,99.095,169.63,8.977,6.8132,76.93,201.229,146.515,21.7575,19.316,108.47,395.83,248.8,810.35,448.725,202.2,204.975,75.51,14.624,37.015,835.8,215.325,228.95,103.92,121.21,106.175,37.765,85.91,55.11,61.27,32.5475,1510,46.3875,21.73,19.066,11.7125,3.161,16.65,9.7045,3.17
