date,res,IE00BGBN6P67,IE00B3YCGJ38,IE00B4ND3602,IE00BKVD2N49,US78392B1070,US0231351067,US8740541094,US0079031078,US11135F1012,US4581401001,US5128073062,US5738741041,US5951121038,US7960508882,US8740391003,US0937121079,US4824801009,FI0009000681,LU2333563281,NL0010273215,US26740W1099,IE00B8KQN827,AT0000652011,CH0114405324,US69608A1088,DK0061539921,US02079K3059,FR0010342592,AT0000969985,US5324571083,US84615Q1031,IT0005239360,IE00B53SZB19,IE00B4L5Y983,DE0005933931,IE00BMC38736,IE00BK5BQT80,IE00BF4RFH31,JE00B24DK975,US1912161007,IE00BF01VY89,IE00BK5BZX59,LU2023678282,IE00BD1F4N50,XS3091657729,IE00BLRPRL42,US19247G1076,US55024U1097,US5949181045,US67066G1040,NL0009805522,US21873S1087,US21874A1060,AU0000185993,US36828A1016,US92537N1081,US21037T1097,US0255371017,US92840M1027,US2333311072,US3379321074,US6293775085,US1258961002,US83418M1036,FR0010755611,US80004C2008,NL0000226223,US0381692070,US7672921050,US18452B2097,US4869171078,KYG961151035,KYG114481008,US35834F1049,IE00B5BMR087,IE00B6R52259,US7731211089
2016-09-30,m,,,,,,37.305,40.227,6.203,15.452,33.655,8.44,11.881,15.865,648.26,27.195,,6.2,5.12,,97.421,,,25.951,42.955,,14.5118,35.8614,,,71.51,,9.922,237.01,38.275,90.059,,,,,37.701,,,,,,,,,51.253,1.5279,,,,,,,,57.12,,,,,,,3.4003,,6.904,,,,,,,,181.789,34.11,
2016-10-31,m,,,,,,36.0245,40.454,6.596,15.489,31.85,8.892,11.928,15.683,649.52,28.335,,6.8277,4.07,,96.609,,,29.259,43.87,,14.4778,36.8922,,,67.33,,11.756,242.99,38.869,93.43,,,,,38.63,,,,,,,,,54.659,1.6222,,,,,,,,59.122,,,,,,,3.5314,,8.406,,,,,,,,183.67,34.625,
2016-11-30,m,,,,,,35.4804,46.694,8.453,16.146,32.86,10.072,13.599,18.464,698.71,28.05,,7.5796,4.053,,97.921,,,26.068,49.395,,12.6814,36.7154,,,63.728,,9.641,252.74,40.965,93.133,,,,,38.315,,,,,,,,,56.961,2.2118,,,,,,,,56.028,,,,,,,4.0071,,9.284,,,,,,,,196.21,35.9,
2016-12-30,m,,,,,,36.368,47.044,11.155,17.123,34.855,10.202,13.485,21.295,709.87,27.75,,7.5339,4.593,,106.104,,,27.982,46.84,,12.2086,38.15,,,70.306,,13.68,257.55,42.101,100.221,,,,,39.598,,,,,,,,,59.95,2.6768,,,,,,,,60.144,,,,,,,4.2368,,10.784,,,,,,,,202.41,36.909,
2017-01-31,m,,,,,,38.0538,49.679,9.613,18.518,34.035,10.67,13.751,22.166,790.26,28.615,,7.8814,4.177,,112.554,,,28.835,44.485,,12.9394,37.8926,,,70.99,,13.134,263.81,42.279,102.131,,,,,38.445,,,,,,,,,59.718,2.5252,,,,,,,,59.141,,,,,,,4.1107,,12.455,,,,,,,,201.64,37.245,
2017-02-28,m,,,,,,39.9114,54.08,13.77,19.962,34.045,11.228,14.785,22.141,798.02,29.675,,8.514,4.815,,114.766,,,27.608,48.645,,13.939,39.8066,,,78.416,,12.42,278.1,43.92,103.322,,,,,39.662,,,,,,,,,60.322,2.4014,,,,,,,,63.272,,,,,,,4.6424,,14.48,,,,,,,,212.04,38.705,
2017-03-31,m,,,,,,41.6438,55.389,13.69,20.531,33.76,12.016,14.322,27.133,864.709,30.745,,8.9036,5.011,,123.911,,,30.482,47.93,,15.0694,39.6546,,,79.01,,14.309,279.73,44.065,107.77,,,,,39.814,,,,,,,,,61.653,2.5526,,,,,,,,62.916,,,,,,,4.5279,,14.277,,,,,,,,210.15,38.775,
2017-04-28,m,,,,,,42.5115,57.691,12.245,20.241,32.99,13.324,13.82,25.338,905,30.37,,9.0154,5.25,,121.561,,,32.634,46.605,,15.6794,42.6238,,,75.256,,15.06,283.7,43.885,108.84,,,,,39.498,,,,,,,,,62.763,2.3915,,,,,,,,62.272,,,,,,,4.5119,,14.524,,,,,,,,209.14,38.765,
2017-05-31,m,,,,,,44.095,68.163,9.932,21.221,31.985,13.856,15.317,27.244,891.099,31.351,,9.2184,5.684,,117.994,,,32.905,46.285,,15.7502,44.0524,,,70.811,,15.518,286.89,43.59,110,,,,,40.591,,,,,,,,,62.225,3.1884,,,,,,,,63.857,,,,,,,4.2988,,14.73,,,,,,,,205.91,38.555,
2017-06-30,m,,,,,,42.7414,64.396,11.05,20.542,29.673,12.478,14.636,26.297,911.151,30.59,,8.059,5.38,,114.71,,,32.638,44.662,,15.504,40.9562,,,72.209,,16.61,272.59,42.895,107.2,,,,,39.451,,,,,,,,,60.643,3.2032,,,,,,,,61.078,,,,,,,4.2101,,12.54,,,,,,,,202.28,37.865,
2017-07-31,m,,,,,,41.7776,67.362,11.48,20.9,29.99,13.498,13.321,23.791,918.43,30.41,,7.8581,5.395,,128.36,,,35.056,42.635,,16.4708,39.9512,,,70.117,,16.83,278.37,42.685,105.6,,,,,38.887,,,,,,,,,61.609,3.4368,,,,,,,,59.644,,,,,,,4.1135,,14.27,,,,,,,,201.54,37.885,
2017-08-31,m,,,,,,41.1312,82.153,10.935,21.086,29.465,13.932,14.888,26.857,858.95,30.97,,7.8572,5.177,,130.36,,,36.031,43.32,,15.1366,40.1139,,,68.039,,17.12,277.117,42.012,104.997,,,,,38.318,,,,,,,,,62.821,3.5496,,,,,,,,62.028,,,,,,,4.0117,,14.23,,,,,,,,198.193,37.411,
2017-09-29,m,,,,,,40.7062,85.678,10.75,20.529,32.175,15.594,15.192,32.734,947.87,31.7,,8.9328,5.038,,143.61,,,36.074,45.54,,15.42,41.2311,,,72.06,,17.95,279.209,43.397,111.621,,,,,38.058,,,,,,,,,62.899,3.7832,,,,,,,,59.448,,,,,,,4.2704,,16.215,,,,,,,,204.227,38.489,
2017-11-30,m,,,,,,49.2984,93.676,9.183,23.27,37.765,16.245,19.11,35.662,988.84,33.18,,8.5794,4.213,,147.9,,,36.448,52.32,,10.842,43.4276,,,71.244,,17.05,294.549,44.829,113.619,,,,,38.351,,,,,,,,,70.738,4.2124,,,,,,,,64.908,,,,,,,4.6092,,19.165,,,,,,,,214.159,39.889,
2017-12-29,m,,,,,,49.58,91.301,8.805,21.734,38.655,15.474,18.653,35.22,994.53,33.425,,8.999,3.911,,145.65,,,36.31,49.96,,11.3786,44.075,,,71.151,,15.69,298.591,45.409,112.332,,,,,38.27,,,,,,,,,71.6,4.1302,,,,,,,,61.517,,,,,,,4.7603,,18.37,,,,,,,,216.311,40.349,
2018-01-31,m,,,,,,58.4795,101.73,11.06,19.857,38.69,15.444,18.72,35.09,954.86,36.38,,8.822,3.857,,162.95,,,40.46,51,,11.024,47.398,,,65.84,,17.724,309.65,45.94,114.4,,,,,38.2,,,,,,,,,75.57,4.9542,,,,,,,,54.76,,,,,,,4.8987,,19.405,,,,,,,,218.99,41.005,
2018-02-28,m,,,,,,62.3155,92.18,10.03,20.342,40.79,15.862,19.22,40.2,893.32,35.79,,9.323,4.796,,161.7,,,41.27,49,,11.94,45.6365,,,63.66,,17.562,313.85,45.047,107,,,,,35.7,,,,,,,,,77.68,4.9898,,,,,,,,54.14,,,,,,,4.7467,,18.93,,,,,,,,217.51,40.195,
2018-03-29,m,,,,,,58.7845,80.56,8.13,19.293,41.69,16.66,16.89,42.26,941.22,35.55,,8.909,4.492,,160.05,,,40.86,47.8,,11.672,42.418,,,62.92,,16.8,291.9,42.872,103.26,,,,,35.34,,,,,,,,,74.68,4.7558,,,,,,,,55.87,,,,,,,4.2067,,18.09,,,,,,,,204.06,38.29,
2018-04-30,m,,,,,,64.9795,82.54,9.05,19.058,42.75,15.303,16.5,38.01,1020.96,31.83,,8.448,4.989,,157.15,,,40.79,48.6,,10.976,42.369,,,67.48,,17.9,307,44.911,108.96,,,,,35.71,,,,,,,,,77.73,4.6472,,,,,,,,58.11,,,,,,,4.6007,,18.23,,,,,,,,213.36,39.97,
2018-05-31,m,,,,,,69.713,95.28,11.84,21.501,47.54,17.308,18.89,50.96,1012.38,33,,9.801,4.978,,168.5,,,35.33,52,,11.188,47.195,,,72.13,,13.962,333.4,46.813,109.72,,,,,36.61,,,,,,,,,85.13,5.4272,,,,,,,,58.01,,,,,,,5.1373,,20.33,,,,,,,,225.61,41.42,
2018-06-29,m,,,,,,73.3335,102.34,12.96,20.991,42.83,14.933,18.73,45.57,900.46,31.45,,8.845,4.954,,170.5,,,35.84,52.5,,10.604,48.6485,,,73.56,,14.352,337.75,46.729,105.74,,,,,37.75,,,,,,,,,85.05,5.1315,,,,,,,,59.43,,,,,,,5.2213,,19.255,,5.46,,,,,,227.21,41.14,
2018-07-31,m,,,,,,76.0685,96.56,15.83,19.036,41.21,16.348,18.25,45.5,882.58,35.21,,10.036,4.66,,183.55,,,37.09,53,,10.948,52.7215,,,84.29,,15.164,342.4,47.822,110.34,,,,,39.78,,,,,,,,,90.79,5.2658,,,,,,,,60.52,,,,,,,5.4207,,18.745,,5.62,,,,,,233.04,42.125,
2018-08-31,m,,,,,,86.594,114.97,21.61,18.763,41.7,14.917,17.9,45.38,922.42,37.43,,10.032,4.797,,175.8,,,34.46,58.5,,12.004,53.0685,,,90.44,,12.436,364.75,48.93,106.92,,,,,38.33,,,,,,,,,96.6,6.0488,,,,,,,,61.79,,,,,,,5.864,,17.74,,5.42,,,,,,242.47,42.61,
2018-09-28,m,,,,,,86.3525,118.76,26.62,21.21,40.64,13.042,16.36,38.85,897.97,37.94,,8.718,4.788,,160.82,,,35.82,60,,11.664,51.9075,,,92.54,,12.774,365.65,49.241,105.24,,,,,39.74,,,,,,,,,98.41,6.0228,,,,,,,,60.87,,,,,,,5.9687,,15.655,,3.14,,,,,,244.39,42.985,
2018-10-31,m,,,,,,70.6325,113.73,16.08,19.765,41.45,12.501,14.44,33.21,826.96,33.65,,8.068,5.002,,151.26,,,36.52,58,,11.068,48.1975,,,95.78,,11.348,342.3,46.786,98.46,,,,,42.21,,,,,,,,,92.65,4.6282,,,,,,,,64.83,,,,,,,5.3853,,13.605,,2.08,,,,,,233.08,40.785,
2018-11-30,m,,,,,,74.595,96.53,18.7,20.895,43.16,13.658,14.14,33.53,822.23,32.98,,8.631,4.846,,149.85,,,34.87,58.5,,13.252,48.264,,17.5,104.15,,11.428,339.8,47.24,97.37,,,,,44.13,,,,,,,,,97.66,3.6195,,,,,,,,68.53,,,,,,,5.5773,,12.855,,1.63,,,,,,237.69,41.34,
2018-12-28,m,,,,,,64.178,92.22,15.41,21.918,40.62,11.561,13.61,27.5,758.47,32.09,,7.646,4.959,,136.85,,,28.97,55,,13.208,46.174,,15.34,98.43,,9.836,307.55,43.014,90.91,,,,,41.64,,,,,,,,,88.57,2.8625,,,,,,,,65.49,,,,,,,4.47,,12.185,,1.41,,,,,,213.51,37.915,
2019-01-31,m,,,,,,74.9795,92.14,21.57,23.39,41.15,14.784,15.93,33.15,897.13,32.97,,9.329,5.47,,152.75,,,30.48,60,,14.44,49.0555,,17.84,103.13,,10.054,335.95,46.533,96.21,,,,,42.34,,,,,,,,,90.86,3.137,,,,,,,,67.84,,,,,,,5.2287,,13.8,,1.65,,,,,,230.87,41.02,
2019-02-28,m,,,,,,72.1415,76.2,20.61,24.098,46.51,15.492,17.43,35.84,878.68,34.4,,10.12,5.342,,161.1,,,32.8,74,,14.676,49.541,,16.26,111.59,,12.022,349.2,48.355,99.12,,,4.424,,39.99,,,,6.549,,,,,98.77,3.3962,,,,,,,,71.25,,,,,,,5.668,,14.465,,2.83,,,,,,240.54,42.46,
2019-03-29,m,,,,,,79.36,84.52,22.71,26.713,47.82,15.895,17.56,36.65,872.01,36.46,,10.586,5.07,,166.8,,,32.4,76.5,,14.94,52.315,,15.28,115.29,,11.372,367.5,49.62,99.35,,,4.453,,41.56,,,,6.737,,,,,105.57,3.9858,,,,,,,,74.55,,,,,,,6.0147,,13.06,,2.98,,,,,,247.84,43.435,
2019-04-30,m,,4.6745,,,,85.73,86.52,24.405,28.295,45.56,18.432,22.425,37.55,886.5,39,,11.318,4.654,,184.78,,,35.66,76.5,,16.18,53.13,,17.18,104.02,,12.284,387.25,51.43,106.36,,,4.602,,43.755,,,,6.897,,,,,116.02,4.024,,,,,,,,75.92,,,,,,,6.5113,,16.17,,4.728,,,,,,257.56,44.935,
2019-05-31,m,,4.5435,,,,79.48,96.78,24.61,22.615,39.51,15.698,20.08,29.345,803,34.2,,9.261,4.492,,168.66,,,31.74,68.5,,14.66,49.57,,15.36,103.74,,10.162,357.85,48.625,100.22,,,4.314,,43.93,,,,6.811,,,,,110.56,3.0375,,,,,,,,76.95,,,,,,,5.7753,,13.605,,2.911,,,,,,242.69,42.49,
2019-06-28,m,,4.6705,,,,83.04,99.59,26.82,25.345,42.17,16.532,21.125,34.065,895,34.6,,10.414,4.378,,183.66,,,32.54,70,,15.16,47.345,,15.96,97.03,,10.83,376.8,50.81,106.18,,,4.47,,44.805,,,,7.034,,,,,117.28,3.613,,,,,,,,77.4,,,,,,,6.3067,,15.605,,2.781,,,,,,254.41,44.385,
2019-07-31,m,,4.9,,,,84.46,110.88,27.7,26.3,45.815,18.972,24.045,40.8,866,38.6,,12.362,4.88,,201.8,,,32.35,,,14.86,55.18,,14.53,98.99,,10.664,398.3,52.55,104.08,,,4.634,,47.515,,,,7.452,,,,,123.52,3.827,35.2,,,,,,,79.69,,,,,,,6.975,,16.65,,1.919,,,,,,266.61,45.72,
2019-08-30,m,,4.8315,,,,80.68,120.06,28.58,25.73,43.095,19.14,21.87,41.29,828.5,38.6,,13.476,4.524,,202.25,,,29.37,,,13.396,54.11,,14.4,102.48,,10.04,391.05,51.88,102.38,,,4.477,,50.07,,,,7.446,,,,,124.86,3.8075,33.2,,,,,,,83.15,,,,,,,6.644,,16.165,,1.705,,,,,,262.99,44.935,
2019-09-30,m,39.305,4.9715,,,,79.5,114.8,26.565,25.315,47.18,21.245,22.735,39.405,934.5,42.4,,14.604,4.641,,227.4,,,30.37,,,14.248,55.97,,15.69,102.66,,10.828,398.25,53.43,106.44,,,4.623,,49.855,,,,7.429,,,,,127.32,3.992,32.19,,,,,,,86.1,,,,,,,7.0533,,17.685,,1.622,,,,,,270.31,46.37,
2019-10-31,m,39.505,4.956,,,,79.64,108.1,30.485,26.235,50.57,24.255,21.84,42.545,960,46.19,,15.134,3.296,,235.15,,,31.68,,,14.696,56.37,,16.62,102.28,,11.344,406.1,53.458,110.46,,,4.642,,48.715,,,,7.293,,,,,128.72,4.501,30.04,,,,,,,84.5,,,,,,,7.0183,,20.31,,1.403,,,,,,270,46.52,
2019-11-29,m,41.32,5.21,,,,81.61,110.24,35.515,28.715,52.81,24.27,24.19,43.24,972,48.29,,14.898,3.189,,246.05,,,32.46,,,17.24,59.23,,18.36,106.56,,12.58,428.6,55.764,113.4,,,4.864,,48.555,,,,7.663,,,,,137.64,4.914,38.02,,,,,,,83.03,,,,,,,7.76,,22.29,,1.223,,,,,,283.48,48.365,
2019-12-30,m,41.755,5.291,,,,83.59,111.58,41.285,28.325,53.67,26.285,23.99,48.11,1076,54.1,,15.946,3.306,,265.1,,,33.71,,,18.192,60.55,,20.12,117.58,,13.048,439.85,56.6,113.62,,,4.949,,49.495,,,,7.669,,,,,141.96,5.2775,39.49,,,,,,,84.21,,,,,,,7.98,,24.05,,1.12,,,,,,287.74,49.37,
2020-01-31,m,41.65,5.318,,,,90.45,112.36,42.27,27.445,57.47,26.85,21.75,47.69,1059,48.45,,14.942,3.52,,253.05,,,33.17,,,18.072,64.42,,19.61,125.86,,12.078,454.6,56.528,110.62,,,4.843,,52.46,,,,8.061,,,,,153.64,5.2962,40.75,,,,,,,93.65,,,,,,,8.085,,25.04,,1.264,,,,,,290.1,48.855,
2020-02-28,m,38.985,4.8355,,,,84.1,96.14,39.96,24.085,48.785,25.98,18.9,46.355,1020,48.045,,13.65,3.4,,246.05,,,30.76,,,17.328,58.74,,15.42,110.9,,11.536,423.55,51.836,101.24,,70.21,4.389,,47.365,,,,7.397,,,,,142.86,5.8662,36.43,,,,,10.628,,79.57,,,,,,,6.5873,,24.26,,1.056,,,,,,262.67,44.755,
2020-03-31,m,34.805,4.3345,,,,88.37,107.7,41.325,21.72,48.69,21.92,20.87,38.4,902.5,43.585,,13.254,2.849,,239.25,,,17.035,,,14.808,52.49,,13.41,125.8,,7.07,400.55,45.56,84.23,,61.65,3.518,,40.34,,,,6.733,,,,,143.46,5.905,31.48,,,,,7.736,,73.27,,,,,,,4.892,,19.67,,0.746,,,,,,239.58,39.36,
2020-04-30,m,41.685,4.882,,,,112.45,110.46,47.915,24.75,54.85,23.415,24.74,43.585,952,48.545,,15.048,3.288,,265.65,,,19.835,,,15.812,61.33,,15.62,140.18,,7.003,460.05,50.36,92.52,,68,4.004,,41.835,,,,7.454,,,,,162.56,6.7012,34.6,,,,,9.6,,75.8,,,,,,,6.1813,,23.49,,1.091,,,,,,264.39,43.595,
2020-05-29,m,43.26,5.0485,30.5,,,109.5,122.65,48.245,26.235,56.59,24.67,29.3925,42.79,923.25,45.3425,,15.842,3.567,,296.725,,,19.8325,,,18.512,64.295,,16.54,137.24,,7.6425,484.35,52.323,99.705,,70.64,4.2472,,41.8775,,,,7.7355,,,,,164.75,7.8631,36.175,,,,,11.45,,76.595,,,,,,,6.6203,,22.35,,1.9235,,,,,,274.53,44.475,
2020-06-30,m,45.845,5.0895,30.985,,,122.725,124.13,46.815,28.09,53.215,28.77,31.205,45.84,981.75,50.53,9.676,17.298,3.9265,,327.475,,,21.015,,,18.232,63.09,,16.14,146.02,,8.171,508.4,53.095,105.5,,71.93,4.292,,39.7425,,,,8.029,,,,,181.08,8.4425,44.54,,,,,12.05,,70.89,16.579,,,,,,6.7183,,24.35,,1.9802,,,,,,276.771,45.8225,
2020-07-31,m,53.415,5.1235,32.68,,,134.0375,139.29,65.72,26.8925,40.5175,32.0225,30.9575,42.4875,1023.5,66.975,10.328,16.961,4.0275,,300.4,,,19.395,,,22.05,63.19,,16.06,127.54,,7.683,520.9,52.9605,105.1,,71.92,4.2542,,40.095,,,10.219,8.176,,,,,174.09,9.0075,48.8475,,,,,12.35,,73.77,15.846,,,,,,6.8075,,23.66,,2.2285,,,,,,278.4825,45.9125,
2020-08-31,m,55.945,5.4375,32.27,,,144.625,143.54,76.15,29.0775,42.68,28.1925,32.5075,38.1475,971.5,66.415,13.128,17.183,4.086,,313.625,,,20.46,,,25.31,68.285,,16.35,124.41,,8.2595,572.35,55.797,110.44,,75.57,4.44,,41.5,,,10.807,8.794,,,,,188.83,11.2131,57.145,,,,,13.6,,66.04,16.11,,,,,,7.665,,25.41,,2.92,,,,,,295.1795,48.185,
2020-09-30,m,56.635,5.3245,31.455,,,134.2625,140.95,69.92,31.085,44.175,28.2875,33.8675,40.0475,1081.5,69.16,15.337,16.528,3.348,,314.975,,,17.8425,,8.54,27.465,62.485,2.3199,16.12,126.16,,7.079,549,54.887,108.64,,74.47,4.42,,42.0925,,,10.884,8.6235,,,,64.1,179.36,11.54,55.65,,,,,14.75,,69.745,16.088,,,,,,7.4083,,26.125,,2.274,,,,,,288.2115,47.4575,
2020-10-30,m,54.915,5.2075,31.545,,,130.7,133.69,64.955,30.145,38.1275,29.4475,32.2125,43.2225,1082.5,72.19,10.845,16.977,2.9172,,310.1,,,17.7225,,8.7865,29.435,69.545,2.1935,15.6,112.14,,6.386,536.7,53.62,99.115,,73.225,4.4588,,41.3625,,,10.916,8.374,,,,71.26,174.72,10.7762,49.4275,,,,,15.15,,77.205,14.904,,,27.175,,,6.9675,,26.23,,2.8495,,,,,,283.8,46.6,
2020-11-30,m,67.33,5.639,29.07,,,132.8375,151.5,77.725,33.6975,40.6325,37.975,38.8175,53.74,1270.5,81.35,20.555,21.1375,3.354,,366.725,,,24.055,,22.88,34.19,73.58,2.6095,20.3,122.13,,8.6575,578.7,58.846,113.09,,80.065,5.011,,43.27,,,12.279,8.9575,,,,72.515,179.62,11.2431,57.82,,,,,15.65,,71.12,15.651,,,27.5425,,,8.285,,33.26,,7.088,,,,,,306.05,51.05,
2020-12-30,m,72.29,5.6626,29.925,,,135.85,165.37,73.885,35.045,39.85,38.6425,37.7525,57.31,1509,87.18,22.975,20.7725,3.1715,,397.1,,,25.18,,20.4,39.54,71.785,2.7882,26.225,135.65,,7.694,591.4,59.703,117.15,16.709,81.41,5.217,,44.2525,,,13.261,9.007,,107.64,,78.14,182.91,10.5888,54.95,,,,,15,,66.17,15.45,,,29.1,,,8.4092,,30.415,,13.5825,,,,,,307.235,51.845,
2021-01-29,m,79.8,5.7073,29.63,,,132.05,165.17,70.55,37.075,45.7275,39.8525,42.3625,64.475,1500,100.11,28.76,23.07,3.78,,440.5,,,25.2,,29.1,35.655,75.215,2.8408,26.3,171.34,,7.5415,600.8,59.927,114.37,17.921,81.975,5.4045,,39.68,,,14.292,9.2755,,110.11,,77.32,190.96,10.6975,51.61,,,,,16.55,,66.645,16.45,,25.3,34.1,,,8.5108,,32.83,,16.9,,,,,,309.615,52.675,
2021-02-26,m,99.38,5.8866,28.025,,,128.175,152.84,70.05,38.9475,50.295,46.9725,40.0125,75.855,1530,104.57,23.64,25.78,3.299,,468.85,,107.94,27.175,,19.85,31.34,83.735,2.8272,24.425,169.79,,8.5455,602.5,61.713,117.37,18.775,84.455,5.6625,,40.6,,,13.825,9.2385,,107.75,,74.7,192.56,11.3706,53.045,,,,,17.35,,61.885,14.35,,27.5,30.3,,,9.0408,,32.14,,36.225,,,,,,319.395,53.705,
2021-03-31,m,108.88,6.3309,28.42,,,131.95,150.68,66.945,39.555,54.6,50.77,41.755,75.245,1552.5,100.84,23.075,28.19,3.3835,,526.65,,117.93,28.945,,19.85,35.89,87.96,2.975,30.4,159.27,,9.0105,629.85,65.633,127.85,19.706,89.43,5.9685,,44.9575,,,13.603,9.423,,113.005,,77.985,201.175,11.385,54.495,,,,,17.05,,72.245,15.05,,29.5,32.1,,10.45,10.2667,,32.58,,45.385,,,,,,343.595,56.895,
2021-04-30,m,102.32,6.5008,28.7,,,144.2375,145.95,67.875,37.955,47.855,51.63,37.615,71.545,1515,97.1,21.595,26.24,3.91,9.71,541.2,,118.875,29.61,,19.155,34.64,97.91,3.2315,32.275,152,,8.5765,650.35,66.97,128.73,19.363,90.77,6.06,,44.9,,,13.535,9.848,,130.175,,70.77,209.8,12.4888,54.5,,,,,18.85,,73.835,14.05,116.5,31.535,29.865,,9.125,10.8292,,31.4,,34.755,,,,,,352.475,57.825,
2021-05-31,m,92.765,6.4187,30.41,78.61,,132,150.625,65.215,38.3825,46.975,53.51,39.4,70.41,1485,98.1,20.54,25.85,4.215,9.745,547.2,,118.8,33.64,,18.94,32.21,96.5,3.093,30.15,163.375,,10.5,630.3,66.9,130.99,19.425,90.635,5.987,,45.225,,,12.842,9.4855,,120.97,,66.26,204.175,13.265,55.09,,,,,20.3,,70.555,13.35,112.5,31.005,26.3,,8.175,10.4967,,30.7,,22.25,,,,,,348.3,57.755,
2021-06-30,m,96.985,6.7854,29.13,74.17,,145.05,149.25,79.2,40.215,47.355,54.87,49.22,71.665,1502.5,101.3,22.665,27.35,4.4935,9.905,583.35,,124.95,30.98,,22.2225,33.23,102.9125,3.6085,36.6,193.525,,9.9715,692.35,69.961,132.11,21.2475,94.7,6.195,,45.635,,,14.461,9.991,,150.55,,69.2,228.525,16.8725,59.635,,,,,23.1,,71.375,15.65,109.5,31.375,33.99,,8.225,11.8183,,30.655,,31.745,,,,,,367.985,60.375,
2021-07-30,m,92.74,6.9492,29.881,74.09,,140.3,146.2,89.575,40.94,45.3,53.72,51.01,65.395,1445,98.35,18.38,29.355,5.149,9.8025,643.35,,133.225,32.705,,18.306,31.24,113.5875,3.8102,38.55,205.3,,10.102,711.8,71.213,131.81,21.275,95.3,6.1415,,48.0725,,,14.101,10.081,,162.71,,70.83,240.3,16.436,57.25,,,,,23.7,,74.275,16.15,,32.295,34.775,,7.325,12.3617,,34.705,,27.795,,,,,,376.525,60.77,
2021-08-31,m,97.905,7.1869,29.888,74.17,,147.0125,136.525,93.755,42.12,45.7825,51.225,51.83,62.405,1387.5,100.7,18.1375,28.765,5.069,9.8525,706.3,,142.575,33.845,,22.3225,34.48,122.575,4.1512,36.625,218.8,,10.569,745.2,73.256,134.21,21.9775,97.92,6.3195,,47.6875,,,14.729,10.558,,184.24,,73.4,255.925,18.952,65.12,,,,,23.9,,75.875,16.15,102,32.925,38.675,,6.275,13.1958,,37.715,,31.595,,,,,,389.615,62.545,
2021-09-30,m,93.2,6.9893,29.537,71.27,78.5,141.825,133,88.89,41.8825,46.025,49.1375,52.06,61.305,1350,96.35,16.1575,28.88,4.704,12.06,645.15,,128.95,37.715,,20.7525,34.785,115.35,3.753,33.225,199.475,,11.45,716.15,71.529,129.11,21.2225,95.7,6.24,,45.29,,,14.424,10.384,,156.75,,72.16,243.375,17.878,68.8,,,,,20.7,,70.085,14.75,96.25,30.74,35.245,,7.225,12.4117,,37.765,,22.18,,,,,,379.315,61.04,
2021-10-29,m,106.95,7.4944,30.152,77.03,79.25,145.825,156.525,103.97,45.995,42.3925,48.745,59.26,59.775,1310,98.4,27.03,32.25,4.924,11.23,703.9,,142.5,37.145,,22.3925,37.96,128.0125,4.3705,33.3,220.3,,11.425,774.2,75.849,133.23,22.5775,100.87,6.501,,48.7575,,,15.099,11.301,,195.785,,71.42,286.65,22.1175,71.66,,,,,22.3,,73.345,16.95,98,33.34,34.5,,6.575,14.2367,,41.215,,23.545,,,,,,405.835,64.47,
2021-11-30,m,110.06,7.5865,30.536,90.75,85.75,154.625,146.075,139.9,48.835,43.4175,59.96,62.73,74.035,1322.5,103.3,24.22,35.975,4.927,13.9,699.25,,142.9,38.575,,18.195,29.74,125.2125,4.621,43.6,218.8,,10.667,804.75,76.133,128.19,25.6525,100.36,6.322,,46.24,,,14.75,11.01,,211.21,,76.56,291.85,28.855,63.47,,,,,22.7,,71.5,17.55,95.75,33.2,31.77,,6.025,14.5492,,42.78,,32.935,,,,,,410.68,64.245,
2021-12-30,m,99.72,7.9809,31.037,101.5,96.5,149.4375,159.175,130.38,59.63,45.795,64.65,78.67,83.405,1447.5,106.7,18.7125,38.6,5.5975,11.25,715.35,,151.6,41.295,,15.9875,26.675,129.7375,4.8108,43.5,245.75,,13.557,822.85,79.147,134.55,26.5375,104.58,6.5395,,52.06,,,14.567,11.057,,221.48,,94.36,302.075,26.46,52.72,,,,,22.1,,78.19,19.35,105.5,36.24,38.05,,5.625,15.7683,,43.91,,20.495,,,,,,431.875,66.855,
2022-01-31,m,86.49,7.5807,31.243,95.25,90.75,133.1125,145.4,101.68,52.16,43.485,52.48,63.61,73.25,1385,109.1,13.4275,34.65,5.2465,8.075,601.4,,141.025,41.43,,12.2075,23.925,120.4375,3.9248,41.55,218.4,,14.092,750.4,75.555,131.91,23.6225,100.67,6.147,,54.3,,,12.813,10.054,,160.635,,90.29,277.175,21.795,42.7775,,,,,18.6,,80.49,19.45,107.5,37.355,35.545,,6.875,14.0658,,41.76,,14.1975,,,,,,410.31,64.345,
2022-02-28,m,88.87,7.3683,33.225,91.75,91.75,136.825,144.5,110.05,52.43,42.56,50.0575,60.75,79.305,1340,95.45,19.8025,31.105,4.7945,6.425,594.05,,137.625,32.55,,10.57,29.475,120.425,3.5548,48.575,222.85,,11.433,717.65,73.557,121.17,23.025,97.725,6.114,,55.515,,,12.525,9.8395,,136.7,,88.15,266.7,21.735,13.3,,,,,11.65,,80.875,20.3,108.5,37.33,33.77,,9.275,13.1933,,37.87,,15.3725,,,,,,398.74,62.505,
2022-03-31,m,92.745,7.7567,34.146,81.25,89.75,147.5,139,98.87,56.92,44.7525,48.5775,64.75,70.43,1260,94.25,21.82,33.095,4.9645,6.325,603.55,,137.075,32.975,,12.41,26.855,125.7,3.8935,50.05,258.85,,9.8895,761.4,76.568,121.41,23.405,101.02,6.2375,,56.05,,,12.737,10.478,,153.72,,88.18,278.85,24.66,,,,,,12.7,50.75,90.215,21.1,119.5,41.45,34.69,,10.15,14.465,,39.14,,19.125,,,,,,419.635,64.565,
2022-04-29,m,81.415,7.4213,35.073,77.78,86.5,117.75,113.27,81.075,52.58,41.3375,44.185,55.035,64.645,1255,88.2,17.61,30.2625,4.8205,5.4,538.65,,137.52,29.475,,9.865,24.4225,108.2375,3.022,48.575,276.95,,8.7675,689.05,73.476,117.67,20.84,97.3,6.036,,61.28,,45.435,11.565,9.639,,101.29,,77.03,263.275,17.585,,,,,,11.864,56.25,93.97,23.72,124.29,41.08,34.03,,10.65,13.1108,,34.99,,9.605,,,,,,401.51,62.155,
2022-05-31,m,72.785,7.3052,33.359,78.905,80.75,111.975,116.05,94.865,54.035,41.3825,48.4425,55.075,68.835,1250,88.8,16.317,33.9925,4.67,5.32,536.25,,129.17,29.2,,8.085,23.805,105.9375,2.8235,56.25,291.925,,10.935,666.85,72.562,121.57,21.6825,96.16,5.9405,,59.065,,41.47,10.993,9.4315,,90.1125,,80.22,253.275,17.373,,,,,,10.238,57.75,95.015,24.55,123.65,40.03,42.91,,12.55,12.5258,,37.355,,6.703,,,,,,395.135,61.37,
2022-06-30,m,62.11,6.8637,33.629,68.14,67.5,101.51,116.9,72.96,46.3825,35.7225,40.6325,41.57,52.795,1045,78.05,15.752,30.4675,4.4212,4.405,453.45,,120.27,24.465,,8.651,20.2925,104.05,2.3671,51.1,309.425,,9.115,621.5,67.907,108.31,18.457,90.54,5.5035,,60.085,,35.435,10.429,9,,67.05,,75.805,245.425,14.458,,,,,,7.8495,54.75,91.535,21.7875,121.04,36.64,36.45,,10.35,10.9583,,30.1125,,4.0032,,,,,,371.055,57.66,
2022-07-29,m,69.315,7.6853,33.609,78.245,73.25,132.06,129.91,92.52,52.395,35.5275,48.98,54.48,60.5,1140,86.55,19.788,37.53,5.0935,5.035,560.75,,145.25,24.86,,10.122,25.2,113.86,3.051,49.475,322.5,,9.6075,717.35,75.237,114.27,21.8475,99.215,6.149,,62.825,,41.74,11.666,9.735,,96.0125,,88.53,274.575,17.772,,,,,,11.177,64.75,96.435,25.2975,127.54,40.22,36.9525,,10.85,13.7325,,37.165,,7.1565,,,,,,415.105,63.405,
2022-08-31,m,67.635,7.4956,33.195,66.645,73.75,126.14,121.94,84.435,49.7025,31.7475,43.57,46.585,56.235,1090,82.95,25.2775,34.2425,5.0178,4.31,488.3,,136,22.545,,7.6875,24.935,107.67,2.7658,44.5,299.825,,9.772,692.15,73.104,108.11,20.005,96.77,6.028,,61.42,,34.72,11.283,9.704,,81.3375,,83.185,260.2,15.02,,,,,,11.479,81.25,99.665,24.6225,129.72,39.3625,41.0825,,10.65,12.9725,,34.605,,7.1405,,,,,,405.26,61.815,
2022-09-30,m,59.34,6.9842,33.065,54.315,58.75,115.3,111.27,64.655,45.315,26.305,37.3875,43.795,51.1,939,70.15,20.4025,30.895,4.3472,4.675,424.525,7.625,136.26,22.405,,8.3005,18.802,97.65,2.2465,33.15,330.3,,10.259,634.65,67.936,100.99,17.509,89.76,5.5405,21.479,57.24,,22.775,10.357,9.262,,58.4175,35.575,69.995,237.9,12.398,,,,,,9.933,84.75,88.21,21.4175,117.54,37.7875,39.07,59.25,9.55,11.1967,,31.7375,,7.1495,,,,,,377.53,57.34,
2022-10-31,m,57.81,7.4814,32.238,50.1125,57.75,103.66,119.86,60.82,47.5825,28.7925,40.9625,40.3275,54.875,1047.5,62.45,18.954,32.0325,4.4705,5.21,477.15,3.11,151.87,24.945,,8.879,19.903,95.795,2.3791,31.275,366.65,,12.59,654.65,72.352,111.79,17.998,94.445,5.9525,19.1205,60.665,,20.335,10.826,10.391,,62.5975,34,75.345,235,13.68,,,,,,14.463,96.25,89.04,23.245,113.42,38.1575,44.35,57.75,13.85,12.7458,,31.59,,6.978,,,,,,404.335,60.465,
2022-11-30,m,55.595,7.4926,33.165,50.9,62.5,92.74,101.56,74.61,52.96,28.8875,45.3775,44.73,55.39,1120,79.85,20.4575,37.7375,4.7045,6.11,581.45,2.2545,157.08,29.92,,7.212,24.62,97.04,2.4754,34.975,356.45,,13.138,655.55,73.77,122.71,20.5225,97.23,6.041,18.806,61.11,,21.561,10.952,10.347,,66.975,35.1,52.765,244.925,16.261,,,,,,13.319,92.25,93.015,23.385,111.51,39.64,40.805,58.75,10.55,12.6917,,37.235,,4.4628,,,,,,404.815,62.11,
2022-12-30,m,50.785,6.8666,33.213,49.1875,56,78.075,94.045,59.92,51.79,24.39,38.995,34.085,46.615,1040,70.45,17.475,35.115,4.352,5.88,507.2,1.34,146.74,29.965,,5.9025,27.4075,81.955,1.9458,31.875,342.3,,13.3,576.65,68.494,117.32,17.868,90.635,5.643,18.831,59.85,,13.517,10.036,9.554,,46.848,32.1,47.905,223.55,13.469,,,,,,12.615,81.25,89.545,22.4525,111.27,39.3975,30.22,59.75,9.275,10.5325,,33.09,,3.1378,,,,,,370.925,57.91,
2023-01-31,m,59.25,7.1889,34.546,62.35,67,94.865,104.06,69.14,53.81,26.0125,46.005,39.7,55.455,1135,85.25,22.9275,36.115,4.3612,5.69,607.15,1.1328,149.17,34.945,,7.168,26.85,90.915,2.3564,31.8,316.55,,17.921,631.45,72.226,128.01,20.5925,95.51,6.08,18.1345,56.405,,18.785,10.815,9.366,,62.4775,39.9,55.39,227.95,17.967,,,,,,13.085,78.75,86.44,21.2075,107.03,37.67,31.4825,58.25,9.75,11.5525,,43.465,,5.7715,,,,,,388.17,61.095,
2023-02-28,m,59.22,7.2186,33.667,61.115,64,89.335,103.62,74.455,56.27,23.6,46.035,42.73,54.77,1085,82.45,20.5575,35.9375,4.3795,5.83,585.05,0.6575,165.79,36.74,,7.4175,26.925,85.335,2.3889,31.375,294.5,,19.351,647.45,72.348,129.29,21.3775,95.25,6.102,19.1455,56.315,,13.431,10.8,9.255,,62.3675,40.9,50.925,236.525,22,,,,,,15.349,70.75,83.265,20.7775,103.76,37.415,30.995,55.75,8.45,11.6108,,45.385,,5.914,,,,,,389.77,60.885,
2023-03-31,m,57.32,7.2861,35.451,60.98,61,95.235,109.99,90.35,59.155,30.125,48.915,39.92,55.615,1137.5,85.75,18.372,36.7975,4.5215,4.89,626.95,0.6125,157.97,30.62,,7.7955,26.69,95.585,2.7578,28.375,316.625,,17.514,690.15,72.829,131.77,23.045,95.87,5.8205,18.787,57.195,,19.1065,11.033,9.0585,,77.82,35.1,49.8175,265.725,25.63,,,,,,13.181,72.25,83.845,22.1225,100.98,36.945,31.6125,56.75,7.875,11.7058,,49.32,,9.1975,,,,,,393.19,61.255,
2023-04-28,m,55.485,7.2865,35.163,53.355,60.75,95.685,112.79,81.1,56.845,28.2,47.56,35.8525,58.4,1115,76.45,15.114,35.08,3.8332,5.49,576.25,0.445,151.65,33.03,,7.038,25.105,97.4,2.7232,27.73,359.4,,17.953,682.65,72.879,134.16,21.3225,95.74,5.723,18.064,58.21,,,10.688,9.1315,,76.555,30.9,43.79,278.875,25.175,,,,,,13.5,70.265,83.86,21.7,102.5,36.12,31.025,56.52,6.97,11.5992,,38.8775,,10.849,,,,,,393.32,61.165,
2023-05-31,m,57.34,7.551,35.827,56.24,73.25,112.91,128.94,110.6,75.515,29.4625,57.7,54.775,63.85,1260,92.35,12.844,41.45,3.8032,5.0325,676.75,1.193,164.575,30.57,,13.76,26.775,115.07,3.2395,29.08,401.8,,17.981,758.9,74.511,131.65,25.515,97.725,5.735,20.669,55.865,,,11.368,8.937,,97.085,34.5,49.5,307.575,35.4175,,,,,,18.1,78.635,77.765,22.5,100.5,35.005,31.625,54.26,6.87,12.4692,,40.6575,,11.224,,,,,,407.32,62.425,
2023-06-30,m,59.26,7.874,34.32,56.68,80.25,119.41,134.85,104.35,79.47,30.6175,58.89,54.775,57.82,1275,92.45,14.991,44.44,3.838,4.92,663.45,1.929,184.25,31.92,,14.045,24.41,109.7,3.5618,33.03,429.5,,21.375,790.5,77.394,135.6,26.325,101.18,5.9735,19.1925,55.185,,,11.708,9.354,,112.445,46.7,51.975,311.9,38.7475,,,,,,22.7,83.895,77.15,24.1,100.5,35.625,34.25,53.84,7.64,13.4667,,45.81,,10.822,,,,,,424.71,64.695,
2023-07-31,m,65.46,8.0693,34.825,57.75,88,121.6,139.1,104.05,81.755,32.545,65.35,59.245,64.94,1237.5,90.15,16.257,46.78,3.5832,4.92,652.2,1.92,186.825,34.55,,18.04,24.45,120.72,3.7912,34.36,413.4,,22.9975,815.1,79.225,137.9,27.2525,103.88,6.204,16.5115,56.33,,,11.973,9.4355,,123.58,43.1,47.59,305.5,42.505,,,,,,23.7,87.905,77.085,25.5,103.5,35.83,34.55,55.55,9.93,14.1525,,48.765,,16.844,,,,,,435.32,66.475,
2023-08-31,m,57.83,8.0488,34.905,65.265,85,127.27,131.28,97.475,85.08,32.4225,64.77,53.685,64.52,1165,86.25,13.818,46.28,3.6985,5.1025,609,1.066,212.4,33.06,,13.8175,21.4,125.6,3.6945,33.02,511.25,,22.5825,813.8,78.453,133.58,26.6725,102.44,6.055,16.3725,55.18,,,11.387,9.5935,,117.435,34.7,49.915,302.375,45.525,,,,,,36.3,96.04,72.315,28.9,95.25,33.255,34.65,51.81,9.7,13.9625,,43.675,,10.452,,,,,,434.105,65.535,
2023-09-29,m,56.27,7.8634,34.102,62.395,80,120.25,132.83,97.27,78.55,33.6225,59.275,51.2,64.33,1190,82.2,12.536,43.39,3.532,4.615,557.45,0.907,201.85,32.665,,15.13,20.235,123.75,3.3932,28.07,508,,22.6825,792.3,77.008,128.59,25.5,100.68,5.8845,15.4585,52.94,,,10.985,9.365,,101.43,30.9,42.74,298.575,41.1425,,,,,,35.1,103.18,71.095,31.3,93.75,32.34,36.45,50.22,10.075,13.285,,40.815,,8.82,,,,,,424.085,64.365,
2023-10-31,m,56.605,7.6761,36.584,64.47,81,125.64,126.43,89.17,79.38,34.2975,55.325,44.355,62.8,1175,81.4,9.8175,44.33,3.1212,4.75,564.4,0.669,196.575,33.97,,13.8925,20.44,116.99,3.2085,23.74,522.75,,23.7925,773.3,74.877,124.27,24.6025,97.925,5.5495,16.5695,53.41,,,10.406,9.1975,,92.6825,28,37.07,318.85,38.245,,,,,,37.1,106.7,71.38,31,91.25,33.64,39.775,51.37,8.72,12.541,,35.9325,,9.3665,,,,,,413.875,62.585,
2023-11-30,m,64.395,8.1575,36.412,72.665,93.75,134.17,145.31,111.32,85.045,41.09,65.795,51.175,69.88,1272.5,89.4,13.252,50.025,3.2082,4.92,627.55,0.7555,209.25,37.17,,18.425,25.39,121.69,3.8165,24.84,543,,25.0175,834.8,79.441,136.08,27.6075,103.66,5.8585,17.069,53.665,,,11.495,9.78,,121.38,33.9,39.33,347.925,42.9775,,,,,,40.1,111.2,73.1,32.5,95.75,33.93,43.925,52.14,7.86,14.137,,43.62,,11.515,5.72,,,,,439.66,66.305,
2023-12-29,m,81.915,8.4258,36.375,78.365,94.5,138.66,146.3,135.23,101.56,45.4975,71.575,55.505,77.84,1345,94.85,13.736,53.15,3.0722,5.1,685.4,0.8085,217.7,36.67,,15.83,28.7075,126.7,4.1942,26.37,528,,24.5675,871.25,82.264,140.22,30.385,107.11,6.378,17.466,53.22,,,12.135,10.13,,140.425,40.6,48.15,339.925,44.9675,,,,,,44.3,105.9,73.64,35.3,99.75,33.03,46.825,52.45,7.25,15.071,,45.5075,,16.152,11.975,,,,,454.1,68.57,
2024-01-31,m,70.06,8.7281,36.724,79.255,95.5,143.56,152.63,155.08,109.14,39.87,76.285,62.635,79.3,1257.5,104.5,10.469,55.025,3.3432,4.7625,804.8,0.8025,227.75,39.83,,14.89,26.09,129.61,4.3818,22.8,597,,27.145,903.55,84.726,140.7,32.4525,109.73,6.2695,17.0205,55.05,,,12.31,10.857,,147.585,43.9,50.825,367.775,56.905,,,,,,52.25,112.88,72.29,37.9,97.75,33.94,49.05,52.87,6.93,16.054,,40.815,,10.081,7.47,,,,,470.345,70.26,
2024-02-29,m,85.35,9.1865,36.882,86.07,109.5,163.44,135.9,178.11,120.24,39.8,86.695,66.245,83.74,1260,118.9,8.109,63.175,3.2365,4.855,879.3,1.707,267.25,37.245,,23.18,25.8325,127.94,4.8195,18.965,696.75,,30.94,951.15,88.568,148.4,36.32,114.74,6.499,16.613,55.48,,,12.841,11.943,,169.05,55.25,44.83,382.45,73.25,,,,,,62.25,155.78,78.825,50.25,100.25,33.87,51.25,53.06,7.84,17.672,,42.1675,,13.058,15.45,,,,,494.95,73.39,
2024-03-28,m,94.785,9.4942,40.292,86.035,125,166.87,137.68,167,122.68,40.8925,89.96,65.815,109.4,1385,126.1,10.404,64.7,3.2758,4.76,897.95,1.837,289.75,41.38,,21.35,25.76,139.59,4.907,19.375,720.5,,35.1825,964.15,91.583,154.72,37.9475,118.43,6.7675,15.4905,56.655,,,13.136,12.42,,172.795,56.25,43.87,389.475,83.605,,,,,,75.5,171.91,79.84,64.75,103.5,35.785,62.45,55.92,8.02,18.782,,40.13,,11.452,19.725,,,,,511.59,75.885,3.835
2024-04-30,m,79.66,9.2189,41.853,80.49,119.5,164.41,133.78,148.51,121.81,28.54,83.785,61.695,105.95,1325,128.7,10.418,64.555,3.4172,5.12,819.5,1.2788,298.275,43.95,,20.58,25.12,152.55,4.504,20.98,732,,34.635,932.35,88.972,149.54,36.0925,115.54,6.472,15.817,57.875,,,12.53,11.975,,149.775,51.1,40.99,365.325,81.075,,,,,144.5,87.15,174.21,80.75,71.06,103.5,35.9,68.09,56.75,8.25,17.586,,37.075,,9.468,15.3525,,,,,496.7,73.99,3.52
2024-05-31,m,82.9,9.5229,41.843,85.95,128.5,162.64,147.79,153.93,122.54,28.47,85.955,63.415,115.19,1237.5,139.3,15.054,70.005,3.59,6.42,884.7,1.2308,306.9,45.415,,19.965,25.99,158.98,4.9678,21.34,756.95,,36.6425,975.35,91.736,154.88,39.05,118.72,6.6705,16.266,58.025,,,12.748,12.428,,173.84,52.5,40.105,382.75,101.1,,,,7.1835,162.5,90.33,200.245,83,91.36,107.5,37.1,74.59,58.25,8.45,18.561,,38.7275,,8.9815,14.825,,,,,512.81,76.045,4.0325
2024-06-28,m,85.98,9.9926,42.344,96.41,166,180.49,145.16,151.42,149.84,28.8725,99.365,65.325,122.79,1382.5,162.3,11.423,76.98,3.5372,6.9,955.3,1.0972,292.6,44.12,,23.6425,21.69,170.04,5.651,21.6,846,,34.6525,1049.8,94.758,152.02,42.555,122.63,6.614,15.605,59.425,,,13.252,13.086,,208.51,67.7,47.57,417.05,115.3,,,,10.54,160.5,80.86,186.9,82,80.31,103.5,35.7,72.72,55.75,8,20.3575,,36.7875,,8.5195,14.9,,,,,538.11,78.625,4.48
2024-07-31,m,89.385,9.9992,44.154,94.395,132,172.75,139.07,133.44,148.47,28.39,85.19,61.885,101.43,1420,153.4,12.524,76.005,3.615,6.06,864.15,0.9288,281.65,48.08,,24.85,22.865,158.44,5.347,19.575,742.65,,38.02,1020.6,95.378,153.9,39.82,123.52,7.006,15.8475,61.645,,,13.182,12.629,,190.605,64.3,47.85,386.35,108.14,,,,9.315,164.5,72.735,175.37,90.5,73.23,111.5,38.7,69.45,59.75,12.15,20.28,,31.155,,9.43,14.8025,,,,,538.35,79.165,4.8475
2024-08-30,m,80.875,10.0265,44.168,89.54,118,161.45,146.27,133.29,145.16,19.71,74.295,69.01,86.34,1255,154.4,10.812,74.11,4.0415,6.34,817.65,0.9093,277.7,49.575,,28.23,20.84,147.75,5.296,18.03,867.75,,37.4,1010.8,95.795,157.84,38.135,123.8,6.88,16.243,65.515,,,13.22,12.721,,187.325,70.5,52.13,377.05,107.97,,,,7.16,181.5,74.385,177.94,91,77.27,113.5,39.7,76.89,61.25,11.45,20.2125,,28.8875,,6.808,9.682,,,,,539.69,79.305,5.68
2024-09-30,m,82.425,10.1702,45.947,98.395,120.5,167.4,138.08,147.37,154.91,21.075,73.3,64.8,93.165,1062.5,156.2,9.4815,69.53,3.9342,6.6,749.8,0.8783,297.575,49.515,,33.425,19.8125,149.01,5.4885,20.13,795.6,,39.465,1029.3,96.854,161.4,38.2475,125.68,6.97,17.04,64.555,,,13.466,13.064,,196.48,79.9,56.91,386.175,109.12,,,,7.585,229,89.4,233.525,92,106.55,115.5,39.9,81.84,63.25,11.45,20.6825,,26.71,,6.662,8.387,,,,,547.41,80.475,8.73
2024-10-31,m,87.875,10.3128,49.022,92.315,125,177.43,148.48,132.27,155.81,21.525,68.31,74.7,91.76,982,175.1,8.8575,61.57,4.3192,7.23,622.85,0.9706,304.825,51.42,,38.16,17.365,156.85,5.497,16.825,760,,40.905,1045.7,97.162,158.89,37.525,125.83,6.929,16.8615,59.945,,,13.641,13.327,,193.38,84.9,58.71,374.95,122.35,,,,8.39,279,100.48,241.675,90.75,114.8,114.5,38.5,83.09,63.75,12.05,21.2125,,25.005,,8.5075,9.759,,,,,555.01,80.62,9.86
2024-11-29,m,111.52,11.2315,48.756,95.815,110.5,196.5,177.95,129.54,153.03,22.68,69.805,87.59,92.53,925,174.7,25.98,61.14,3.96,7.25,652.15,2.8905,354.65,51.84,,63.27,14.65,159.62,6.206,13.185,751.8,,36.3,1130.3,104.5875,163.52,38.4075,134.23,7.602,17.4155,60.585,,,14.792,14.411,,227.08,94.7,82.35,399.75,130.56,,,,12.83,317,120.64,242.5,94.25,151.15,119.5,40.3,96.11,65.75,23.3,25.29,,24.145,,12.019,13.795,,,,,605.45,86.07,26
2024-12-30,m,101.83,11.1648,48.76,83.3,112,211.875,176.44,119.28,227.35,19.221,69.195,107.11,83.85,865,192.6,21.69,61.15,4.2958,7.56,676.7,9.077,316.15,59.26,,73.92,13.34,182.48,6.4465,12.29,744.55,,38.5375,1163.9,103.62,165.59,39.965,133.24,7.2225,16.9135,59.74,,,14.605,14.179,,236.78,90.8,80.35,408.6,129.49,,,,10.01,315,108.56,215.45,88.25,131.775,115.5,37.9,87.21,63.75,27.9,24.7075,,24.2025,7.94,10.259,9.143,,,,,600.75,85.405,25.35
2025-01-31,m,109.72,11.494,52.55,92.91,131,229.225,178.92,111.91,213.2,18.775,78.18,109,88.005,873,201,22.7425,71.185,4.4702,6.8,712.75,5.736,315.025,59.17,,80.165,13.3,196.75,6.5545,13.12,782.65,,44.26,1183.7,107.355,179.93,40.3125,137.77,7.5195,16.1745,61.255,,,15.204,14.99,,239.47,87.4,81.96,400.325,115.8,,,,9.86,359,112.77,289.1,95,162.05,115.5,38.3,98.89,63.75,26.3,26.0725,,21.695,6.86,11.425,10.135,,,17.862,,618.08,88.335,28.05
2025-02-28,m,94.525,11.3205,53.5625,98.23,127,204.775,204.3,96.43,192.43,22.925,73.945,88.485,90.2,908,173.6,23.1675,68.365,4.631,6.11,683.5,5.344,282.325,64.93,,81.88,13.595,164.1,6.152,12.835,886.65,,50.28,1150.2,106.54,187.42,38.19,137.02,7.273,16.9105,68.56,,43.443,15.02,14.828,,216.45,72.5,67.82,382.6,120.28,,,,7.95,323,91.89,240.975,102.5,128.525,128.5,37.3,101.875,70.25,33.1,25.0575,,23.78,7.71,8.919,7.686,,,11.848,,608.73,87.775,19.7
2025-03-31,m,83.965,10.2395,56.3025,78.485,118,175.68,191.61,94.41,154.2,20.9575,67.19,56.68,80.035,907,153,18.156,62.81,4.8662,5.38,612.8,7.013,250.75,64.01,,77.92,12.875,142.76,4.9645,13.005,762.65,,51.75,1016.7,97.828,185.39,33.46,126.95,6.737,15.804,66.125,,29.438,13.522,13.288,,157.655,60,57.69,347.025,99.695,19.518,,6.689,5.63,281,66.59,186.08,101.5,107.9,127.5,37.3,88.27,69.25,20,20.305,,20.365,5.21,6.542,6.217,,,8.17,,550.52,81.15,16.55
2025-04-30,m,85.21,9.7747,56.4275,80.775,110,166.87,205.975,87.465,173.73,17.752,63.245,52.525,68.895,858,150,16.163,61.355,4.426,5.76,591.1,6.161,261.575,59.85,,105.48,11.675,141.9,4.8462,14.26,795.2,,51.415,997.9,94.448,187.89,32.13,122.44,6.4575,18.0955,63.945,,29.831,13.174,13.134,,148.45,57.6,52.12,369.925,99.085,20.07,,7.285,5.4725,332.75,78.13,200.295,95.7,117.15,120.5,37.9,96.65,64.75,18.85,18.025,,20.049,4.01,6.444,7.247,,,8.48,,525.64,78.23,19.429
2025-05-30,m,100.205,10.306,56.355,103.93,130.5,180.72,199.09,97.42,213.7,17.211,71.16,52.9,83.23,889,170.3,16.24,66.67,4.602,5.95,650,14.3225,282.075,70.8,179,115.47,14.14,150.96,5.605,17,651.2,,56.725,1075.9,99.476,199.22,35.7375,128.67,6.8115,17.1825,63.52,,33.489,13.72,14.103,,184.41,66.7,63.69,405.5,118.91,32.39,98.08,9.4,7.39,416.5,95.1,269.5,91.2,141.475,120.5,37,137.275,61.75,24.2,20.045,,22.07,6.03,7.0975,7.605,,,11.35,,554.11,82.245,23.6
2025-06-30,m,118.26,10.4225,54.465,122.28,186,186.33,206.025,120.2,233.475,18.99,82.56,65.64,104.49,938,192,20.275,75.985,4.3915,5.98,679.4,12.435,302.55,72.15,177,115.91,12.98,149.78,6.059,17.15,660.55,,57.075,1101.9,100.024,198.51,39.91,129.6,6.8815,15.033,59.99,,33.868,14.135,14.031,,209.86,75.7,80.62,421.85,133.84,46.755,139,14.5,12.35,449,108.91,273.325,88.1,164.325,112.5,34.1,136.225,59,24,20.5275,,25.8825,8.56,9.5565,9.361,,,9.75,,560.38,82.97,30.635
2025-07-31,m,123.97,11.019,56.03,137.65,173.75,200.65,195.16,154.18,256.4,17.322,82.7,70.385,95.345,1097.5,211.75,30.88,76.345,3.583,6.01,608.4,15.2425,337.05,80.4,192,138.33,16.2475,167.67,6.526,18.01,648,,64.5,1164.4,104.4525,199,41.9475,135.07,7.175,14.1615,59.535,,44.22,14.906,14.445,22.968,229.7,94.2,96.43,469.6,155.6,47.6,100.4,11.9,14.092,580,127.51,304.45,99.2,182.7,121.5,37.4,146.575,64.75,28.7,22.8025,,22.39,11.4,10.985,9.89,,,11.275,,591.41,86.55,40.1
2025-08-29,m,123.52,10.989,57.3575,143.12,163,195.83,199.58,139.03,254.55,20.8775,85.695,53.855,101.8,1057.5,197.6,45.3,74.605,3.669,7.525,636.1,13.3725,298.825,81.475,207,134.11,16.87,182.12,6.4525,20.25,626.3,,66.195,1147.7,104.8825,198.41,41.435,135.78,7.3735,14.7325,59.04,,57.225,14.833,14.235,22.01,226.86,77.4,113.675,433.725,148.71,58.5,87.8,12.3,22.53,525,109.14,263.475,95,161.55,116.5,37.4,124.625,61.25,27,22.6475,,23.2125,13.6,11.736,8.078,,,12.225,,590.63,86.91,41.5
2025-09-29,2d,142.52,11.2875,63.565,195.26,213.5,189.44,221.725,137.46,279.65,29.2575,111.79,70.23,139.68,1275,233.25,62.6,90.68,3.978,7.565,820.8,21.58,312.95,84.35,209,152.09,16.34,208.4,7.065,21.6,619.15,,63.305,1202,107.3875,196.89,46.2325,139.61,7.4655,14.738,56.325,127.052,82.855,15.704,14.858,29.513,258.71,92.1,138.625,438.575,154.7,93.75,104.5,14.8,38.8,513.5,122.03,284.825,93.7,168.825,120.5,38.7,140.975,62,35.4,23.7525,,23.9725,18.8,16.868,12.67,,,14.775,,606.71,89.325,40.7
2025-10-01,2d,142.83,11.3705,63.995,219.1,226,188.08,217.725,140.27,284.625,30.7,121.72,71.37,154.91,1340,246,77.13,96.225,4.116,7.63,853.8,21.675,318.45,85.175,218,157.42,17.0625,208.45,7.176,22.875,702.5,,64.83,1211,108.135,200.35,47.8,140.75,7.52,15.0535,56.915,116.84,82.4875,15.959,14.928,32.121,264.91,97.8,146.175,442.175,159.33,98.25,116.25,15.35,40.025,517,138.02,299.175,96.2,171.75,119.5,39.3,138.05,61.75,36,24.0425,,24.2075,21.3,16.136,12.42,,,15.325,,610.93,90.015,41
2025-10-03,2d,148.95,11.3735,64.355,215.2,259.5,187.14,219.45,139.82,287.475,31.195,124.18,73.24,160.03,1365,248.25,76.745,93.7,4.132,7.485,876.8,27.775,317.95,87.3,219,148.27,16.635,208.775,7.162,24.175,715.25,,63.57,1209.6,108.5475,202,48.2325,141.2,7.589,15.2955,56.75,122.289,83.1725,16.035,14.786,33.673,263.95,96.8,139.5,439.85,159.67,109,115,15.1,42.925,506,136.42,306.6,97.2,172.275,119.5,39.1,141.625,61.5,37.9,24.0775,,24.565,22.55,16.585,13.57,,,16.55,,611.55,90.435,47.4
2025-10-07,2d,155.89,11.4655,66.455,193.11,264.5,190.28,223.5,181.59,289.325,31.9625,120.51,74.69,159.96,1345,253.5,73.89,93.05,4.32,8.6,859.2,30.57,318.375,84.825,219,156.19,16.9625,210.825,7.2525,26.475,723.95,,63.12,1222.2,109.1775,201.9,49.2625,142.11,7.582,15.0955,57.305,127.2905,84.9975,16.262,14.974,34.698,267.85,97.4,134.8,449.35,158.82,102,111,14.7,50.94,520.5,136.63,307.45,101.5,171.275,122.5,39.8,139.525,63.25,37.9,24.43,,24.1975,23.45,18.459,15.49,,,17.7,,616.17,90.9,52.75
2025-10-09,2d,164.74,11.5828,66.555,191.61,264.5,196.29,221.975,202.05,297.65,32.43,121.89,78.56,166.37,1420,260,75.195,91.105,4.489,8.065,847.3,30.365,326.025,84.425,221,160.03,17.5575,208.9,7.4475,27.275,739.55,,63.61,1243.6,110.1075,203.9,50.69,143.15,7.6335,15.358,57.38,118.95,79.8475,16.628,15.201,37.578,277.59,106,138.15,451.275,166.26,114.5,123,15.65,55.53,549,150.2,331.375,101.25,181.65,121.5,40.3,145.45,63.25,41.3,24.9725,,24.8275,25.3,19.22,17.34,,,17.625,,622.53,91.6,57.5
2025-10-13,2d,164.46,11.4315,69.065,189.65,263.5,190.06,221.825,187.33,307.675,32.0925,119.07,77.195,166.34,1405,261.5,95.855,88.55,4.504,7.87,847.5,35.28,324.3,85.375,218,153.2,17.47,210.85,7.211,26.675,709.75,,62.555,1225.1,108.7075,202.4,49.7775,141.41,7.5595,15.803,57.68,119.798,82.5025,16.34,15.104,35.137,263.9,99.6,138.8,444.025,162.78,117.5,122.25,16.6,56.17,561,154.82,329.875,101,180.725,121.5,40.6,145.875,63.75,44.8,24.27,,24.8275,30.35,18.683,17.4325,,,17.6,,614.41,90.475,57.25
2025-10-15,2d,169.07,11.4005,70.32,188.38,264.5,185.09,224.55,205.375,303,31.7675,124.23,76.12,164.42,1442.5,262,100.345,93.33,4.7605,8.005,866.4,37.87,327.975,84.775,215,154.3,17.2525,215.325,7.183,28.575,710.15,,62.73,1218.9,108.64,200.03,50.31,141.32,7.628,15.9035,57.595,122.88,88.4475,16.246,15.066,35.395,263.11,94.8,134.35,440.225,154.77,108,119.5,17.15,58.65,530,155.65,345.575,101.75,182.025,122.5,41,147.125,64.75,47.2,24.1875,,24.7375,32.2,18.968,19.9375,,,22.2,,612.63,90.47,59.25
2025-10-17,2d,158.46,11.3965,71.7375,193.8,272,183.24,224.2,200.15,300.4,31.795,121.65,75.495,173.7,1457.5,253.5,96.12,95.015,4.874,8.245,883.2,33.09,320.725,82.175,213,153.07,17.2525,217.8,7.2375,28.175,688.85,,61.85,1223,108.54,198.71,50.24,141.58,7.529,16.168,58.745,129.1565,91.5675,16.161,14.928,35.219,265.94,99.95,141.35,441.525,157.29,97.25,117.25,16.35,51.76,515,149.56,332.475,100.75,172.525,121.5,40.3,144.825,64,44.1,24.0775,,25.02,29.5,17.22,16.94,,,20.6,,612.33,90.48,57
2025-10-21,2d,159.84,11.5515,67.6,184.67,292,191.33,224.35,204.4,294.95,32.745,125.04,72.635,174.79,1447.5,253.5,89.835,98.92,4.8105,8.395,882.5,27.55,321.825,83.375,217,156.19,16.6025,215.65,7.404,28.775,689.3,,63.275,1240.1,109.835,201.525,50.725,142.96,7.6155,16.167,61.28,123.4755,87.72,16.387,14.98,35.995,274.2,104,140.525,445.45,156.05,89.75,107.5,16.6,46.98,505.5,150.42,309.75,101.25,160.9,122.5,40.6,140.925,64,42.2,24.755,,26.3675,27.85,17.794,16.1775,,,20.4,,620.6,91.445,56.5
2025-10-23,2d,154.83,11.5475,69.1575,195.07,295.5,189.67,219.05,204.9,299.875,35.3725,127.01,69.63,178.47,1455,251.25,87.305,99.81,5.249,8.665,895.4,27.4,320.675,82.5,215,155.42,16.34,219.5,7.3925,28.625,706.95,,62.385,1239.6,109.915,200.675,51.245,143.19,7.6515,15.1505,60.19,130.4985,92.5825,16.477,14.96,36.963,273.96,104.5,145.1,448.25,157.05,91.75,107,15.55,48.585,512,158.16,314.775,99.8,164.7,121.5,40,141.025,64,41.2,24.7575,,22.13,29.15,17.545,15.23,,,18.725,,620.58,91.595,54.5
2025-10-27,2d,165.45,11.7562,66.3725,199.27,348,195.39,218.35,222.6,312.325,33.84,134.89,76.265,189.44,1527.5,256.25,93.66,104.43,5.419,8.69,909.7,30.495,326.275,83.625,216,162.21,16.395,231.975,7.8105,31.8,709.5,,62.71,1272.6,111.5675,201.575,53.1,145.28,7.7085,15.1325,60.135,142.52,108.535,16.821,15.189,41.871,297.24,117,167.275,457.75,164.52,108.5,116.5,17.3,55.53,502.5,165.9,336.5,100.4,172.025,121.5,39.9,148.35,64,41.5,25.665,,21.8575,29.5,19.746,17.2625,,,20.7,,631.86,92.915,56.5
2025-10-29,2d,161.53,11.8088,65.8325,229.275,348.5,195.82,217.025,226.025,333.35,35.4925,138.47,77.145,195.07,1550,261.25,114.72,105.44,6.249,8.725,922.5,29.27,333.325,84.625,189.5,170.46,17.64,249.55,7.972,31.5,700.05,,63.52,1288.1,111.8725,199.88,54.055,146,7.6385,15.431,58.94,150.293,135.505,16.82,15.21,44.22,305.79,119.25,184.75,444.725,176.64,106,119.5,17.85,51.44,496.25,170.8,344.75,105.25,171.05,119.5,39.5,154.25,62.5,44.7,25.745,,21.2775,29.55,19.019,16.35,,,19.9,,634.54,93.26,57
2025-10-31,2d,159.8,11.8022,67.4375,221.6,342.5,212.05,222.3,222.625,320.775,34.69,136.46,81.21,193.86,1625,260,114.4,104.77,5.939,8.845,915.7,32.04,330.75,89.225,185,174.56,17.7875,243.425,7.869,33.425,748.95,,63.95,1284.4,111.7925,198.48,53.64,145.5,7.6175,15.3945,59.715,160.746,122.76,16.763,15.229,43.466,298.91,114.25,174.9,448.5,175.79,113.5,116,18.7,52.55,507,167.22,326.625,104.5,163.35,117,39.7,148.95,63.75,46.9,25.855,,21.2975,30,17.148,15.3875,,,19.25,,634.32,93.175,54.75
2025-11-04,2d,155.88,11.7498,66.5725,216.975,360.5,217.45,219.95,214.7,306.625,31.815,136.44,76.135,189.97,1577.5,255.75,111.88,103.98,5.931,8.635,896.2,26.04,329.15,89.175,179.5,163.93,17.3025,242.325,7.6625,32.6,789.1,,63.98,1270.3,111.27,197.7,51.945,144.82,7.5605,15.5575,59.805,159.7105,120.345,16.369,15.013,38.595,286.04,115.75,179.875,448.225,172.41,94.75,99.8,19.1,58.03,477.5,155.48,316.975,105,161.75,116.5,40.2,146.25,63.5,45.8,25.56,,20.3775,27,16.739,13.9375,,,18.6,,631.41,92.705,48.7
2025-11-06,2d,150.14,11.6158,66.935,244.35,352,211.1,202.925,206.75,308.325,32.2675,140.77,81.395,211.55,1430,250.75,119.43,104.57,5.953,7.985,891.8,24.61,327.575,88.525,177,152.28,20.0325,247.1,7.462,29.475,812.8,,63.08,1250.6,110.215,196.6,52.125,143.58,7.4925,15.674,59.84,162.985,127.48,16.298,14.83,38.525,275.66,138,208,431,163.91,96,92.8,18,59.94,476.5,159.02,305.25,103.5,159.8,116.5,39.7,147.3,62.5,46.4,24.94,,20.4925,27.1,15.051,13.3275,,,18.4,,624.25,91.895,43.4
2025-11-10,2d,151.11,11.7668,69.2225,254.5,377.5,214.9,202.45,210.775,310.45,33.2,143.97,80.91,218.975,1515,255.75,120.48,105.4,6.019,8.015,898,25.59,328.65,92.8,175,167.61,20.72,251.075,7.6975,30.1,836.6,,65.695,1270.2,111.685,199.49,52.785,145.58,7.6225,15.5075,60.93,169.795,133.67,16.53,15.125,40.389,288.59,144,226,437.725,172.46,97.25,89.9,16.85,52.21,504.5,162.55,312.425,106.25,162.675,120.5,39.9,144.475,64,43.6,25.555,,20.5275,27.25,14.944,12.5475,,,15.4,,632.26,93.005,48.4
2025-11-12,2d,146.38,11.7638,70.0175,244.15,366,210.7,207.25,223.275,307.05,32.585,139.27,76.975,211.55,1497.5,251.25,109.11,103.49,5.988,8.435,894.7,22.885,318.55,93.275,171,158.46,21.915,247.525,7.619,29.2,879.65,,68.095,1262.1,112.04,202.35,52.54,145.79,7.6195,15.824,61.71,171.8455,128.605,16.491,15.095,39.28,284.25,135.25,219.1,440.975,166.79,81.25,74.1,14.2,47.74,497.5,149.6,304.825,106,153.55,120.5,40,145.675,64.5,40.8,25.6075,,20.7125,22.6,13.361,11.655,,,10.2,,632.12,93.305,43.3
2025-11-14,2d,136.42,11.5525,68.2575,222.25,355,202.175,202.25,212.725,294.8,30.575,127.62,74.41,213.075,1462.5,245,97.645,97.9,5.767,8.165,866.5,20.535,303.6,91.075,167.5,149.84,20.83,241.575,7.314,27.775,883,,64.53,1235.5,109.9375,197.57,50.785,143.34,7.4635,15.455,61.24,150.497,118.295,16.06,14.713,34.645,267.7,120,199.775,438.85,163.41,72,67,12.95,40.305,497.5,147.64,292,104.5,151.875,117.5,39.6,142.425,63.5,39.5,24.635,,20.165,20.55,12.033,9.487,,,9.04,,620.72,91.745,39.2
2025-11-18,2d,133.59,11.362,68.4475,218.5,332,192.08,206.475,197.77,292.475,29.495,123.69,67.545,196.37,1437.5,238.5,90.67,96.99,5.663,8.655,865.8,19.6925,291.65,88.325,164,143.59,20.185,244.975,6.992,26.5,889.75,,62.505,1210.3,108.0075,192,49.0525,140.76,7.3485,15.3105,61.52,160.107,123.48,15.676,14.501,30.62,249.17,119,213.5,424.85,156.45,77.75,64.4,13.35,41.84,479,141.63,299.65,106.75,150.7,118.5,40.3,143.8,64.25,37.3,23.8125,,19.243,19.4,12.016,9.292,,,9.24,,610.6,90.05,36.7
2025-11-20,2d,128.73,11.2892,68.78,207.325,313,188.08,204.225,177.36,301.125,28.965,121.08,66.52,174.19,1422.5,238,78.37,95.73,5.055,9.05,852.25,17.54,284.75,88.325,162,133.76,20.325,249.75,6.756,26.65,904.5,,62.22,1194.2,107.345,189.84,47.8175,139.82,7.2405,15.8805,61.78,184.6235,127.53,15.385,14.289,29.74,235.95,117,201.05,413.925,156.01,72.5,59.2,13.15,36.09,484.25,137.95,299.25,105,150.75,117.5,40.5,139.25,64,35.8,23.34,,18.429,18.075,11.038,8.475,,,8.79,,606.48,89.385,33.8
2025-11-24,2d,134.72,11.5978,69.6375,220.45,322.5,196.48,207.675,187.66,329.15,31,130.63,72.86,196.22,1442.5,247.25,83.315,98.675,5.223,8.95,857.6,20.4,287.1,90.025,167.5,141.33,19.87,278.6,7.276,28.225,927,,61.42,1238.7,109.74,192.37,50.2,142.86,7.5165,15.848,62.99,198.8895,175.415,15.922,14.58,32.882,263.01,127.75,259.95,411.85,157.92,80.25,64.3,13.7,43.12,504,147.2,307.9,105.75,152.325,118.5,41.1,144.875,64.25,39.8,24.76,,19.13,21,12.063,10.065,,,10.05,,623.22,91.385,37.3
2025-11-26,2d,140.15,11.7038,69.7825,235.1,315.5,197.74,210.1,184.03,342.05,31.8025,133.78,75.68,199.22,1505,250.75,87.15,99.97,5.225,9.1,897.2,19.3125,295.075,92.375,168,143.21,20.535,276.675,7.4265,30.925,952.1,,63.9,1248.5,110.985,196.5,51.305,144.29,7.6715,15.817,62.865,203.191,173.36,15.984,14.782,35.262,272.25,133,266.5,419.3,155,81.75,64.3,14,41.815,508.5,148.51,310,106,152.475,117.5,40.9,145.375,64.75,40.3,25.2175,,19.534,21.5,12.983,11.73,,,10.925,,629.07,92.39,36.1
2025-11-28,2d,143.9,11.7572,70.925,238.6,319.5,201.05,212.225,187.92,346.95,35.0675,133.7,76.97,204.425,1482.5,251.75,95.67,101.41,5.202,9.845,909.4,19.665,298.2,94.125,168,145.72,20.585,275.85,7.532,32.475,926.5,,64.165,1257.3,111.585,197.47,52.035,145.06,7.725,15.8355,63.075,207.304,171.32,16.144,14.926,37.215,277.66,142,280.35,424.425,152.31,82,63.4,14.625,41.44,517,156.41,314.15,106.75,154.125,118.5,41.1,146.15,65.25,41.2,25.4475,,19.804,23.5,14.036,13.2025,,,11.6,,631.89,92.805,36.4
2025-12-02,2d,137.71,11.7065,70.33,229.525,327.5,201.55,212.35,185.63,328.6,37.36,136.1,83.43,206.125,1507.5,252,90.345,102.37,5.357,9.615,952,19.3475,286.65,97.525,170,147.12,21.46,271.725,7.587,32.675,899.65,,65.61,1260.8,111.055,196.53,52.99,144.38,7.629,15.7735,60.835,198.3205,164.92,16.114,14.813,39.497,281.05,142,260.75,421.925,156.1,82.75,65.7,13.7,36.045,518,155.77,312.9,102.5,148.425,113.5,39.3,141.125,62.5,43.5,25.2775,,20.66,24.2,13.152,11.95,,,10.775,,629.06,92.405,36.1
2025-12-04,2d,142.75,11.7318,70.27,228.15,309,196.75,212.525,185.55,326.325,34.8825,134.92,84.295,195.16,1512.5,251.5,100.055,103.79,5.284,9.44,953.2,24.645,291.05,97.525,174,152.76,21.37,272.9,7.5925,32.825,870.8,,65.77,1260.1,111.485,197.75,53.245,144.74,7.722,15.4715,60.51,200.206,169.37,16.205,14.957,39.913,281.09,152.5,281.55,412.85,157.62,88.25,73.7,14.7,39.425,540.5,157.14,316.625,101.25,151.275,113.5,38.8,145.55,61.5,47.4,25.3125,,22.0275,26.7,13.395,12.86,,,10.85,,630.25,92.705,42.6
2025-12-08,2d,141.06,11.7402,70.005,245.775,338.5,195.07,212.525,192.43,345.25,34.8175,139.84,78.545,213.325,1590,261.25,96.48,105.28,5.251,9.405,962.1,24.43,295.475,96.075,173,156.27,21.575,269.775,7.6445,31.875,856.65,,65.32,1265.2,111.4825,198.93,54.45,144.92,7.707,15.676,60.39,202.513,160.575,16.262,15.072,43.339,284.16,159.75,296.25,420.575,162.55,86,74.3,15.25,39.835,534.5,159.81,307.95,99.4,142.75,111.5,38.4,141,60.5,46.1,25.4125,,22.16,27.6,12.946,11.9625,,,10.275,,630.92,92.73,44.3
2025-12-10,2d,142.02,11.7368,70.295,255.575,349,198.14,210.3,188.97,351.95,34.745,143.9,79.04,225.025,1587.5,265.25,85.425,105.92,5.289,9.205,955.3,22.985,302.225,98.625,180,160.53,22.48,274.125,7.6615,30.675,849.45,,66.805,1263.6,111.5375,200.35,54.795,145.02,7.794,15.539,60.045,197.81,169.28,16.275,15.094,43.808,285.85,163.5,312.8,408.825,155.69,79.5,74.3,14.85,37.475,618.5,154.99,309.675,97.7,141.325,111.5,38,143.75,60,46.8,25.445,,22.4775,26.45,13.323,12.4175,,,9.83,,630.56,92.87,49.2
2025-12-12,2d,136.85,11.602,71.3075,244.875,328.5,192.68,205.65,179.28,306.025,32.1425,136.74,72.04,206.25,1515,249,80.96,101.72,5.293,9.235,920.4,22.27,283.075,96.45,177.5,155.74,22.875,263.3,7.289,30.35,875.6,,67.785,1230.8,110.5525,200.65,51.81,143.43,7.741,15.89,60.035,184.0415,154.2,15.903,14.668,36.613,265.37,152,276.15,406.925,149.15,74.75,66.6,14.1,34.225,572,137.56,300.25,97.2,144.9,110.5,37.7,137.575,59.5,39.3,24.715,,22.075,23.65,13.025,11.885,,,9.08,,623.31,91.895,52
2025-12-16,2d,130.53,,71.2175,244.5,307,189.21,208.1,177.46,290.45,31.7025,138.99,71.47,197.61,1472.5,243.75,74.58,104.03,5.313,9.585,913.5,21.68,280.45,99,176,159.54,22.775,260.275,7.206,30.175,896.7,,69.62,1222.9,109.995,199.81,51.16,142.81,7.678,16.494,59.92,183.685,147.825,15.708,14.602,34.821,261.04,147,269,404.475,150.89,69,59.2,12.55,31.565,584,136.46,310.275,97.6,147.65,109.5,37.4,136.25,59.75,37.1,24.315,,22.0525,20.75,11.424,10.13,,,8.52,,619.02,91.41,47.3
2025-12-18,2d,128.95,11.5092,71.69,249.025,336.5,193.33,210.3,170.8,280.9,30.88,140.39,72,211.125,1582.5,242.5,68.34,104.22,5.405,9.825,884.3,21.11,269.225,99.575,172.5,157.87,22.745,257.65,7.1595,29.625,901,,70.26,1221.8,109.8675,199.89,50.535,142.77,7.691,16.2925,60.02,174.3055,141.775,15.579,14.501,33.263,257.76,150,287.6,411.875,148.48,66.75,57.7,12.5,30.56,545,131.62,307.675,98.6,141.6,111,38.1,131.975,60.25,36.7,24.245,,21.8675,20.4,11.405,9.573,,,8.54,5.125,618.3,91.41,51
2025-12-22,2d,134.87,11.6565,73.5175,240.6,343.5,194.3,211.35,182.8,290.5,31.01,149.05,72.005,235.3,1580,249.25,78.405,107.57,5.527,9.815,898.3,27.37,272.5,100.8,175,164.66,22.58,263.375,7.418,31.475,914.9,,69.9,1241.8,111.14,201.15,52.42,144.41,7.786,15.6735,59.68,182.4135,152.2,15.877,14.944,37.705,272.01,162.5,331.5,412.35,155.98,79.25,72.5,13.45,35.915,563,141.4,304.2,97.5,137.325,109.5,37.7,133.4,59.25,38.7,24.9525,,22.0375,23.6,12.298,10.3375,,,9.58,6.25,626.2,92.47,65
2025-12-29,2d,132.46,11.6978,72.625,238.9,380.5,197.13,217.1,183.22,296.425,31.1425,149.4,72.9,251.05,1740,255.5,75.01,107.1,5.561,10.74,905,22.365,273.1,100.85,175,156.17,22.82,266.275,7.4425,31.25,917,,69.195,1243.8,111.59,201.725,53.045,145.06,7.758,15.6955,59.585,194.5995,156.15,15.859,14.878,38.095,273.19,160.75,316.75,412.8,159.7,73,63.4,12.85,33.475,563.5,140.69,304.375,98.3,137.225,110.5,38.1,136.725,59.5,37.9,25.1175,,22.0675,20.95,11.193,9.113,,,9.33,5.45,628.6,92.86,59.5
