isin,symbol,currency,enabled,identity_status,evidence_file,fetched_at_utc,reason
IE00BGBN6P67,BCHN.L,USD,1,isin_search_hit_unverified,.yfinance-probe/results/IE00BGBN6P67.json,2026-09-30T04:37:16.110738+00:00,Audited candidate: history and exact-ISIN search symbol match; identity is not reported mismatching.
IE00B3YCGJ38,SPXS.L,USD,1,isin_search_hit_unverified,.yfinance-probe/results/IE00B3YCGJ38.json,2026-09-30T04:37:18.000114+00:00,Audited candidate: history and exact-ISIN search symbol match; identity is not reported mismatching.
IE00B4ND3602,IGLN.L,USD,1,isin_search_hit_unverified,.yfinance-probe/results/IE00B4ND3602.json,2026-09-30T04:37:19.408865+00:00,Audited candidate: history and exact-ISIN search symbol match; identity is not reported mismatching.
IE00BKVD2N49,STX,USD,1,isin_search_hit_unverified,.yfinance-probe/results/IE00BKVD2N49.json,2026-09-30T04:37:20.744128+00:00,Audited candidate: history and exact-ISIN search symbol match; identity is not reported mismatching.
US78392B1070,,,0,no_isin_search_match,.yfinance-probe/results/US78392B1070.json,2026-09-30T04:36:38.474241+00:00,exact-ISIN audit search had no matching quote; no history was returned
US0231351067,AMZN,USD,1,isin_search_hit_unverified,.yfinance-probe/results/US0231351067.json,2026-09-30T04:37:22.394104+00:00,Audited candidate: history and exact-ISIN search symbol match; identity is not reported mismatching.
US8740541094,TTWO,USD,1,isin_search_hit_unverified,.yfinance-probe/results/US8740541094.json,2026-09-30T04:37:23.939090+00:00,Audited candidate: history and exact-ISIN search symbol match; identity is not reported mismatching.
US0079031078,AMD,USD,1,reverse_isin_matches,.yfinance-probe/results/US0079031078.json,2026-09-30T04:37:25.410236+00:00,Audited candidate: history and exact-ISIN search symbol match; identity is not reported mismatching.
US11135F1012,AVGO,USD,0,reverse_isin_mismatch,.yfinance-probe/results/US11135F1012.json,2026-09-30T04:37:27.110486+00:00,audit reports an ISIN mismatch
US4581401001,INTC,USD,1,isin_search_hit_unverified,.yfinance-probe/results/US4581401001.json,2026-09-30T04:37:29.001062+00:00,Audited candidate: history and exact-ISIN search symbol match; identity is not reported mismatching.
US5128073062,LRCX,USD,1,isin_search_hit_unverified,.yfinance-probe/results/US5128073062.json,2026-09-30T04:37:30.885237+00:00,Audited candidate: history and exact-ISIN search symbol match; identity is not reported mismatching.
US5738741041,MRVL,USD,1,isin_search_hit_unverified,.yfinance-probe/results/US5738741041.json,2026-09-30T04:37:32.699143+00:00,Audited candidate: history and exact-ISIN search symbol match; identity is not reported mismatching.
US5951121038,MU,USD,1,reverse_isin_matches,.yfinance-probe/results/US5951121038.json,2026-09-30T04:37:34.285651+00:00,Audited candidate: history and exact-ISIN search symbol match; identity is not reported mismatching.
US7960508882,SMSN.IL,USD,1,isin_search_hit_unverified,.yfinance-probe/results/US7960508882.json,2026-09-30T04:37:36.013931+00:00,Audited candidate: history and exact-ISIN search symbol match; identity is not reported mismatching.
US8740391003,,,0,no_isin_search_match,.yfinance-probe/results/US8740391003.json,2026-09-30T04:37:37.619660+00:00,exact-ISIN audit search had no matching quote; no history was returned
US0937121079,BE,USD,1,isin_search_hit_unverified,.yfinance-probe/results/US0937121079.json,2026-09-30T04:37:37.982045+00:00,Audited candidate: history and exact-ISIN search symbol match; identity is not reported mismatching.
US4824801009,KLAC,USD,1,reverse_isin_matches,.yfinance-probe/results/US4824801009.json,2026-09-30T04:37:39.471392+00:00,Audited candidate: history and exact-ISIN search symbol match; identity is not reported mismatching.
FI0009000681,NOKIA.HE,EUR,1,isin_search_hit_unverified,.yfinance-probe/results/FI0009000681.json,2026-09-30T04:37:41.227568+00:00,Audited candidate: history and exact-ISIN search symbol match; identity is not reported mismatching.
LU2333563281,TNIE.F,EUR,1,isin_search_hit_unverified,.yfinance-probe/results/LU2333563281.json,2026-09-30T04:37:42.894580+00:00,Audited candidate: history and exact-ISIN search symbol match; identity is not reported mismatching.
NL0010273215,ASML.AS,EUR,0,reverse_isin_mismatch,.yfinance-probe/results/NL0010273215.json,2026-09-30T04:37:44.150422+00:00,audit reports an ISIN mismatch
US26740W1099,QBTS,USD,1,isin_search_hit_unverified,.yfinance-probe/results/US26740W1099.json,2026-09-30T04:37:46.163631+00:00,Audited candidate: history and exact-ISIN search symbol match; identity is not reported mismatching.
IE00B8KQN827,ETN,USD,1,isin_search_hit_unverified,.yfinance-probe/results/IE00B8KQN827.json,2026-09-30T04:37:47.630959+00:00,Audited candidate: history and exact-ISIN search symbol match; identity is not reported mismatching.
AT0000652011,EBS.VI,EUR,1,isin_search_hit_unverified,.yfinance-probe/results/AT0000652011.json,2026-09-30T04:37:49.840127+00:00,Audited candidate: history and exact-ISIN search symbol match; identity is not reported mismatching.
CH0114405324,GRMN,USD,1,reverse_isin_matches,.yfinance-probe/results/CH0114405324.json,2026-09-30T04:37:51.713272+00:00,Audited candidate: history and exact-ISIN search symbol match; identity is not reported mismatching.
US69608A1088,PLTR,USD,1,isin_search_hit_unverified,.yfinance-probe/results/US69608A1088.json,2026-09-30T04:37:53.354824+00:00,Audited candidate: history and exact-ISIN search symbol match; identity is not reported mismatching.
DK0061539921,VWS.CO,DKK,0,reverse_isin_mismatch,.yfinance-probe/results/DK0061539921.json,2026-09-30T04:37:54.656992+00:00,audit reports an ISIN mismatch
US02079K3059,,,0,no_isin_search_match,.yfinance-probe/results/US02079K3059.json,2026-09-30T04:36:39.293131+00:00,exact-ISIN audit search had no matching quote; no history was returned
FR0010342592,0W9J.IL,EUR,1,isin_search_hit_unverified,.yfinance-probe/results/FR0010342592.json,2026-09-30T04:36:39.649254+00:00,Audited candidate: history and exact-ISIN search symbol match; identity is not reported mismatching.
AT0000969985,ATS.VI,EUR,1,isin_search_hit_unverified,.yfinance-probe/results/AT0000969985.json,2026-09-30T04:37:56.299069+00:00,Audited candidate: history and exact-ISIN search symbol match; identity is not reported mismatching.
US5324571083,LLY,USD,1,isin_search_hit_unverified,.yfinance-probe/results/US5324571083.json,2026-09-30T04:37:58.134054+00:00,Audited candidate: history and exact-ISIN search symbol match; identity is not reported mismatching.
US84615Q1031,SPCX,USD,0,reverse_isin_mismatch,.yfinance-probe/results/US84615Q1031.json,2026-09-30T04:36:41.225683+00:00,audit reports an ISIN mismatch
IT0005239360,UCG.MI,EUR,1,isin_search_hit_unverified,.yfinance-probe/results/IT0005239360.json,2026-09-30T04:38:00.103338+00:00,Audited candidate: history and exact-ISIN search symbol match; identity is not reported mismatching.
IE00B53SZB19,CSNDX.SW,USD,1,isin_search_hit_unverified,.yfinance-probe/results/IE00B53SZB19.json,2026-09-30T04:38:01.696080+00:00,Audited candidate: history and exact-ISIN search symbol match; identity is not reported mismatching.
IE00B4L5Y983,IWDA.L,USD,1,isin_search_hit_unverified,.yfinance-probe/results/IE00B4L5Y983.json,2026-09-30T04:36:42.481459+00:00,Audited candidate: history and exact-ISIN search symbol match; identity is not reported mismatching.
DE0005933931,DAXXF,USD,1,isin_search_hit_unverified,.yfinance-probe/results/DE0005933931.json,2026-09-30T04:38:03.055715+00:00,Audited candidate: history and exact-ISIN search symbol match; identity is not reported mismatching.
IE00BMC38736,SMH.L,USD,1,isin_search_hit_unverified,.yfinance-probe/results/IE00BMC38736.json,2026-09-30T04:38:04.528716+00:00,Audited candidate: history and exact-ISIN search symbol match; identity is not reported mismatching.
IE00BK5BQT80,VWRA.L,USD,1,isin_search_hit_unverified,.yfinance-probe/results/IE00BK5BQT80.json,2026-09-30T04:38:05.811955+00:00,Audited candidate from the exact-ISIN search and probe history; Yahoo identity remains isin_search_hit_unverified. Native USD Close only.
IE00BF4RFH31,WSML.L,USD,1,isin_search_hit_unverified,.yfinance-probe/results/IE00BF4RFH31.json,2026-09-30T04:38:07.134951+00:00,Audited candidate from the exact-ISIN search and probe history; Yahoo identity remains isin_search_hit_unverified. Native USD Close only.
JE00B24DK975,1OIS.L,GBp,0,isin_search_hit_unverified,.yfinance-probe/results/JE00B24DK975.json,2026-09-30T04:38:08.475901+00:00,No DAILY CLOSE rows fall in the requested window; probe history begins 2026-01-26.
US1912161007,KO,USD,1,isin_search_hit_unverified,.yfinance-probe/results/US1912161007.json,2026-09-30T04:38:09.763699+00:00,Audited candidate from the exact-ISIN search and probe history; Yahoo identity remains isin_search_hit_unverified. Native USD Close only.
IE00BF01VY89,GOO2.L,USD,1,isin_search_hit_unverified,.yfinance-probe/results/IE00BF01VY89.json,2026-09-30T04:38:11.933590+00:00,Audited candidate from the exact-ISIN search and probe history; Yahoo identity remains isin_search_hit_unverified. Native USD Close only.
IE00BK5BZX59,GOO3.L,USD,1,isin_search_hit_unverified,.yfinance-probe/results/IE00BK5BZX59.json,2026-09-30T04:38:13.269016+00:00,Audited candidate from the exact-ISIN search and probe history; Yahoo identity remains isin_search_hit_unverified. Native USD Close only.
LU2023678282,UNIC.L,USD,1,isin_search_hit_unverified,.yfinance-probe/results/LU2023678282.json,2026-09-30T04:38:14.060062+00:00,Audited candidate from the exact-ISIN search and probe history; Yahoo identity remains isin_search_hit_unverified. Native USD Close only.
IE00BD1F4N50,IUMO.L,USD,1,isin_search_hit_unverified,.yfinance-probe/results/IE00BD1F4N50.json,2026-09-30T04:38:15.668804+00:00,Audited candidate from the exact-ISIN search and probe history; Yahoo identity remains isin_search_hit_unverified. Native USD Close only.
XS3091657729,3SEM.L,USD,1,isin_search_hit_unverified,.yfinance-probe/results/XS3091657729.json,2026-09-30T04:38:17.056664+00:00,Audited candidate from the exact-ISIN search and probe history; Yahoo identity remains isin_search_hit_unverified. Native USD Close only.
IE00BLRPRL42,QQQ3.L,USD,1,isin_search_hit_unverified,.yfinance-probe/results/IE00BLRPRL42.json,2026-09-30T04:38:18.332481+00:00,Audited candidate from the exact-ISIN search and probe history; Yahoo identity remains isin_search_hit_unverified. Native USD Close only.
US19247G1076,COHR,USD,1,reverse_isin_matches,.yfinance-probe/results/US19247G1076.json,2026-09-30T04:38:19.173301+00:00,Audited candidate from the exact-ISIN search and probe history; Yahoo identity remains reverse_isin_matches. Native USD Close only.
US55024U1097,LITE,USD,1,reverse_isin_matches,.yfinance-probe/results/US55024U1097.json,2026-09-30T04:38:20.776878+00:00,Audited candidate from the exact-ISIN search and probe history; Yahoo identity remains reverse_isin_matches. Native USD Close only.
US5949181045,MSFT,USD,1,isin_search_hit_unverified,.yfinance-probe/results/US5949181045.json,2026-09-30T04:38:22.102029+00:00,Audited candidate from the exact-ISIN search and probe history; Yahoo identity remains isin_search_hit_unverified. Native USD Close only.
US67066G1040,NVDA,USD,1,isin_search_hit_unverified,.yfinance-probe/results/US67066G1040.json,2026-09-30T04:38:23.903338+00:00,Audited candidate from the exact-ISIN search and probe history; Yahoo identity remains isin_search_hit_unverified. Native USD Close only.
NL0009805522,NBIS,USD,0,reverse_isin_mismatch,.yfinance-probe/results/NL0009805522.json,2026-09-30T04:38:25.662479+00:00,Probe reports an ISIN identity mismatch.
US21873S1087,CRWV,USD,1,isin_search_hit_unverified,.yfinance-probe/results/US21873S1087.json,2026-09-30T04:38:26.956886+00:00,Audited candidate from the exact-ISIN search and probe history; Yahoo identity remains isin_search_hit_unverified. Native USD Close only.
US21874A1060,CORZ,USD,1,reverse_isin_matches,.yfinance-probe/results/US21874A1060.json,2026-09-30T04:38:28.157799+00:00,Audited candidate from the exact-ISIN search and probe history; Yahoo identity remains reverse_isin_matches. Native USD Close only.
AU0000185993,IREN,USD,1,reverse_isin_matches,.yfinance-probe/results/AU0000185993.json,2026-09-30T04:38:29.397787+00:00,Audited candidate from the exact-ISIN search and probe history; Yahoo identity remains reverse_isin_matches. Native USD Close only.
US36828A1016,GEV,USD,1,isin_search_hit_unverified,.yfinance-probe/results/US36828A1016.json,2026-09-30T04:38:30.669360+00:00,Audited candidate from the exact-ISIN search and probe history; Yahoo identity remains isin_search_hit_unverified. Native USD Close only.
US92537N1081,VRT,USD,1,isin_search_hit_unverified,.yfinance-probe/results/US92537N1081.json,2026-09-30T04:38:32.017869+00:00,Audited candidate from the exact-ISIN search and probe history; Yahoo identity remains isin_search_hit_unverified. Native USD Close only.
US21037T1097,CEG,USD,1,isin_search_hit_unverified,.yfinance-probe/results/US21037T1097.json,2026-09-30T04:38:33.524864+00:00,Audited candidate from the exact-ISIN search and probe history; Yahoo identity remains isin_search_hit_unverified. Native USD Close only.
US0255371017,AEP,USD,1,isin_search_hit_unverified,.yfinance-probe/results/US0255371017.json,2026-09-30T04:38:34.813510+00:00,Audited candidate from the exact-ISIN search and probe history; Yahoo identity remains isin_search_hit_unverified. Native USD Close only.
US92840M1027,VST,USD,1,reverse_isin_matches,.yfinance-probe/results/US92840M1027.json,2026-09-30T04:38:36.843968+00:00,Audited candidate from the exact-ISIN search and probe history; Yahoo identity remains reverse_isin_matches. Native USD Close only.
US2333311072,DTE,USD,1,reverse_isin_matches,.yfinance-probe/results/US2333311072.json,2026-09-30T04:38:38.491794+00:00,Audited candidate from the exact-ISIN search and probe history; Yahoo identity remains reverse_isin_matches. Native USD Close only.
US3379321074,FE,USD,1,reverse_isin_matches,.yfinance-probe/results/US3379321074.json,2026-09-30T04:38:40.601848+00:00,Audited candidate from the exact-ISIN search and probe history; Yahoo identity remains reverse_isin_matches. Native USD Close only.
US6293775085,NRG,USD,1,reverse_isin_matches,.yfinance-probe/results/US6293775085.json,2026-09-30T04:38:42.243867+00:00,Audited candidate from the exact-ISIN search and probe history; Yahoo identity remains reverse_isin_matches. Native USD Close only.
US1258961002,CMS,USD,1,reverse_isin_matches,.yfinance-probe/results/US1258961002.json,2026-09-30T04:38:43.839749+00:00,Audited candidate from the exact-ISIN search and probe history; Yahoo identity remains reverse_isin_matches. Native USD Close only.
US83418M1036,SEI,USD,1,isin_search_hit_unverified,.yfinance-probe/results/US83418M1036.json,2026-09-30T04:38:45.770861+00:00,Audited candidate from the exact-ISIN search and probe history; Yahoo identity remains isin_search_hit_unverified. Native USD Close only.
FR0010755611,CL2.PA,EUR,1,isin_search_hit_unverified,.yfinance-probe/results/FR0010755611.json,2026-09-30T04:38:47.114692+00:00,Audited candidate from the exact-ISIN search and probe history; Yahoo identity remains isin_search_hit_unverified. Native EUR Close only.
US80004C2008,SNDK,USD,0,reverse_isin_mismatch,.yfinance-probe/results/US80004C2008.json,2026-09-30T04:38:48.513098+00:00,Probe reports an ISIN identity mismatch.
NL0000226223,STMPA.PA,EUR,1,isin_search_hit_unverified,.yfinance-probe/results/NL0000226223.json,2026-09-30T04:38:49.734142+00:00,Audited candidate from the exact-ISIN search and probe history; Yahoo identity remains isin_search_hit_unverified. Native EUR Close only.
US0381692070,APLD,USD,1,reverse_isin_matches,.yfinance-probe/results/US0381692070.json,2026-09-30T04:38:51.321202+00:00,Audited candidate from the exact-ISIN search and probe history; Yahoo identity remains reverse_isin_matches. Native USD Close only.
US7672921050,RIOT,USD,1,reverse_isin_matches,.yfinance-probe/results/US7672921050.json,2026-09-30T04:38:52.574222+00:00,Audited candidate from the exact-ISIN search and probe history; Yahoo identity remains reverse_isin_matches. Native USD Close only.
US18452B2097,CLSK,USD,1,reverse_isin_matches,.yfinance-probe/results/US18452B2097.json,2026-09-30T04:38:54.099845+00:00,Audited candidate from the exact-ISIN search and probe history; Yahoo identity remains reverse_isin_matches. Native USD Close only.
US4869171078,KEEL.TO,CAD,1,isin_search_hit_unverified,.yfinance-probe/results/US4869171078.json,2026-09-30T04:38:55.438117+00:00,Audited candidate from the exact-ISIN search and probe history; Yahoo identity remains isin_search_hit_unverified. Native CAD Close only.
KYG961151035,WYFI,USD,1,reverse_isin_matches,.yfinance-probe/results/KYG961151035.json,2026-09-30T04:38:57.142736+00:00,Audited candidate: successful history; symbol appears in exact-ISIN audit search quotes; identity is not reported as mismatching. Mapping remains unverified.
KYG114481008,BTDR,USD,1,reverse_isin_matches,.yfinance-probe/results/KYG114481008.json,2026-09-30T04:38:58.659725+00:00,Audited candidate: successful history; symbol appears in exact-ISIN audit search quotes; identity is not reported as mismatching. Mapping remains unverified.
US35834F1049,TE,USD,1,reverse_isin_matches,.yfinance-probe/results/US35834F1049.json,2026-09-30T04:39:00.002777+00:00,Audited candidate: successful history; symbol appears in exact-ISIN audit search quotes; identity is not reported as mismatching. Mapping remains unverified.
IE00B5BMR087,CSSPX.MI,EUR,1,isin_search_hit_unverified,.yfinance-probe/results/IE00B5BMR087.json,2026-09-30T04:39:01.265121+00:00,Audited candidate: successful history; symbol appears in exact-ISIN audit search quotes; identity is not reported as mismatching. Mapping remains unverified.
IE00B6R52259,ISAC.L,USD,1,isin_search_hit_unverified,.yfinance-probe/results/IE00B6R52259.json,2026-09-30T04:39:02.656768+00:00,Audited candidate: successful history; symbol appears in exact-ISIN audit search quotes; identity is not reported as mismatching. Mapping remains unverified.
US7731211089,RKLB,USD,1,reverse_isin_matches,.yfinance-probe/results/US7731211089.json,2026-09-30T04:39:04.203056+00:00,Audited candidate: successful history; symbol appears in exact-ISIN audit search quotes; identity is not reported as mismatching. Mapping remains unverified.
DE0005933956,EXW1.DE,EUR,1,isin_search_hit_unverified,.yfinance-probe/results/DE0005933956.json,2026-09-30T04:39:05.523227+00:00,Audited candidate: successful history; symbol appears in exact-ISIN audit search quotes; identity is not reported as mismatching. Mapping remains unverified.
DE000A2QP4B6,EXIE.DE,EUR,1,isin_search_hit_unverified,.yfinance-probe/results/DE000A2QP4B6.json,2026-09-30T04:39:07.653484+00:00,Audited candidate: successful history; symbol appears in exact-ISIN audit search quotes; identity is not reported as mismatching. Mapping remains unverified.
IE000I8KRLL9,SEMI.AS,USD,1,isin_search_hit_unverified,.yfinance-probe/results/IE000I8KRLL9.json,2026-09-30T04:39:08.982965+00:00,Audited candidate: successful history; symbol appears in exact-ISIN audit search quotes; identity is not reported as mismatching. Mapping remains unverified.
IE000X59ZHE2,AIFS.DE,EUR,1,isin_search_hit_unverified,.yfinance-probe/results/IE000X59ZHE2.json,2026-09-30T04:39:10.347673+00:00,Audited candidate: successful history; symbol appears in exact-ISIN audit search quotes; identity is not reported as mismatching. Mapping remains unverified.
IE00B4K48X80,IMAE.AS,EUR,1,isin_search_hit_unverified,.yfinance-probe/results/IE00B4K48X80.json,2026-09-30T04:39:11.658738+00:00,Audited candidate: successful history; symbol appears in exact-ISIN audit search quotes; identity is not reported as mismatching. Mapping remains unverified.
IE00B7Y34M31,3USL.L,USD,1,isin_search_hit_unverified,.yfinance-probe/results/IE00B7Y34M31.json,2026-09-30T04:39:13.131578+00:00,Audited candidate: successful history; symbol appears in exact-ISIN audit search quotes; identity is not reported as mismatching. Mapping remains unverified.
IE00BD1F4M44,IUVL.L,USD,1,isin_search_hit_unverified,.yfinance-probe/results/IE00BD1F4M44.json,2026-09-30T04:39:14.768088+00:00,Audited candidate: successful history; symbol appears in exact-ISIN audit search quotes; identity is not reported as mismatching. Mapping remains unverified.
IE00BKM4GZ66,EIMI.L,USD,1,isin_search_hit_unverified,.yfinance-probe/results/IE00BKM4GZ66.json,2026-09-30T04:39:16.218449+00:00,Audited candidate: successful history; symbol appears in exact-ISIN audit search quotes; identity is not reported as mismatching. Mapping remains unverified.
IE00BKPX3K41,IFFI.AS,USD,1,isin_search_hit_unverified,.yfinance-probe/results/IE00BKPX3K41.json,2026-09-30T04:39:17.537066+00:00,Audited candidate: successful history; symbol appears in exact-ISIN audit search quotes; identity is not reported as mismatching. Mapping remains unverified.
IE00BYZK4552,RBOT.L,USD,1,isin_search_hit_unverified,.yfinance-probe/results/IE00BYZK4552.json,2026-09-30T04:39:18.831501+00:00,Audited candidate: successful history; symbol appears in exact-ISIN audit search quotes; identity is not reported as mismatching. Mapping remains unverified.
LU1900066975,KRW.PA,EUR,1,isin_search_hit_unverified,.yfinance-probe/results/LU1900066975.json,2026-09-30T04:39:20.255279+00:00,Audited candidate: successful history; symbol appears in exact-ISIN audit search quotes; identity is not reported as mismatching. Mapping remains unverified.
US0378331005,AAPL,USD,1,reverse_isin_matches,.yfinance-probe/results/US0378331005.json,2026-09-30T04:39:21.944505+00:00,Audited candidate: successful history; symbol appears in exact-ISIN audit search quotes; identity is not reported as mismatching. Mapping remains unverified.
US0382221051,AMAT,USD,1,reverse_isin_matches,.yfinance-probe/results/US0382221051.json,2026-09-30T04:39:23.721621+00:00,Audited candidate: successful history; symbol appears in exact-ISIN audit search quotes; identity is not reported as mismatching. Mapping remains unverified.
US03823U1025,AAOI,USD,1,reverse_isin_matches,.yfinance-probe/results/US03823U1025.json,2026-09-30T04:39:25.457059+00:00,Audited candidate: successful history; symbol appears in exact-ISIN audit search quotes; identity is not reported as mismatching. Mapping remains unverified.
US0404132054,ANET,USD,1,reverse_isin_matches,.yfinance-probe/results/US0404132054.json,2026-09-30T04:39:26.892685+00:00,Audited candidate: successful history; symbol appears in exact-ISIN audit search quotes; identity is not reported as mismatching. Mapping remains unverified.
US04626A1034,ALAB,USD,1,reverse_isin_matches,.yfinance-probe/results/US04626A1034.json,2026-09-30T04:39:28.334549+00:00,Audited candidate: successful history; symbol appears in exact-ISIN audit search quotes; identity is not reported as mismatching. Mapping remains unverified.
US0494681010,TEAM,USD,1,isin_search_hit_unverified,.yfinance-probe/results/US0494681010.json,2026-09-30T04:39:29.593805+00:00,Audited candidate: successful history; symbol appears in exact-ISIN audit search quotes; identity is not reported as mismatching. Mapping remains unverified.
US17275R1023,CSCO,USD,1,isin_search_hit_unverified,.yfinance-probe/results/US17275R1023.json,2026-09-30T04:39:30.972651+00:00,Audited candidate: successful history; symbol appears in exact-ISIN audit search quotes; identity is not reported as mismatching. Mapping remains unverified.
US2193501051,GLW,USD,1,isin_search_hit_unverified,.yfinance-probe/results/US2193501051.json,2026-09-30T04:39:32.575208+00:00,Audited candidate: successful history; symbol appears in exact-ISIN audit search quotes; identity is not reported as mismatching. Mapping remains unverified.
US30303M1027,META,USD,1,reverse_isin_matches,.yfinance-probe/results/US30303M1027.json,2026-09-30T04:39:34.510653+00:00,Audited candidate: successful history; symbol appears in exact-ISIN audit search quotes; identity is not reported as mismatching. Mapping remains unverified.
US6974351057,PANW,USD,1,reverse_isin_matches,.yfinance-probe/results/US6974351057.json,2026-09-30T04:39:36.011136+00:00,Audited candidate: successful history; symbol appears in exact-ISIN audit search quotes; identity is not reported as mismatching. Mapping remains unverified.
US75513E1010,RTX,USD,1,reverse_isin_matches,.yfinance-probe/results/US75513E1010.json,2026-09-30T04:39:37.453129+00:00,Audited candidate: successful history; symbol appears in exact-ISIN audit search quotes; identity is not reported as mismatching. Mapping remains unverified.
US86800U3023,SMCI,USD,1,reverse_isin_matches,.yfinance-probe/results/US86800U3023.json,2026-09-30T04:39:39.561303+00:00,Audited candidate: successful history; symbol appears in exact-ISIN audit search quotes; identity is not reported as mismatching. Mapping remains unverified.
US87305R1095,TTMI,USD,1,reverse_isin_matches,.yfinance-probe/results/US87305R1095.json,2026-09-30T04:39:41.128611+00:00,Audited candidate: successful history; symbol appears in exact-ISIN audit search quotes; identity is not reported as mismatching. Mapping remains unverified.
US8807701029,TER,USD,1,reverse_isin_matches,.yfinance-probe/results/US8807701029.json,2026-09-30T04:39:42.624538+00:00,Audited candidate: successful history; symbol appears in exact-ISIN audit search quotes; identity is not reported as mismatching. Mapping remains unverified.
US8825081040,TXN,USD,1,isin_search_hit_unverified,.yfinance-probe/results/US8825081040.json,2026-09-30T04:39:44.403867+00:00,Audited candidate: successful history; symbol appears in exact-ISIN audit search quotes; identity is not reported as mismatching. Mapping remains unverified.
US9581021055,WDC,USD,1,isin_search_hit_unverified,.yfinance-probe/results/US9581021055.json,2026-09-30T04:39:46.563540+00:00,Audited candidate: successful history; symbol appears in exact-ISIN audit search quotes; identity is not reported as mismatching. Mapping remains unverified.
XS2771642134,QS5L.L,USD,1,isin_search_hit_unverified,.yfinance-probe/results/XS2771642134.json,2026-09-30T04:39:48.507446+00:00,Audited candidate: successful history; symbol appears in exact-ISIN audit search quotes; identity is not reported as mismatching. Mapping remains unverified.
XS2771643025,,,0,isin_search_hit_unverified,.yfinance-probe/results/XS2771643025.json,2026-09-30T04:39:49.780721+00:00,History symbol is absent from the exact-ISIN audit search quotes. No successful history in the audit result. Currency is missing or unsupported for staging.
