isin,name,status,width,height,file,source_url
IE00BGBN6P67,Invesco CoinShares Global Blockchain (Acc),saved,128,128,C:\Users\simon\Downloads\scalable-company-pictures\images\IE00BGBN6P67.png,https://de.scalable.capital/web-public-assets/logo/isin/IE00BGBN6P67
IE00B3YCGJ38,Invesco S&P 500 (Acc),saved,128,128,C:\Users\simon\Downloads\scalable-company-pictures\images\IE00B3YCGJ38.png,https://de.scalable.capital/web-public-assets/logo/isin/IE00B3YCGJ38
IE00B4ND3602,iShares Physical Gold ETC,saved,128,128,C:\Users\simon\Downloads\scalable-company-pictures\images\IE00B4ND3602.png,https://de.scalable.capital/web-public-assets/logo/isin/IE00B4ND3602
IE00BKVD2N49,Seagate Technology Hldgs,saved,128,128,C:\Users\simon\Downloads\scalable-company-pictures\images\IE00BKVD2N49.png,https://de.scalable.capital/web-public-assets/logo/isin/IE00BKVD2N49
US78392B1070,SK Hynix GDR,saved,128,128,C:\Users\simon\Downloads\scalable-company-pictures\images\US78392B1070.png,https://de.scalable.capital/web-public-assets/logo/isin/US78392B1070
US0231351067,Amazon.com,saved,128,128,C:\Users\simon\Downloads\scalable-company-pictures\images\US0231351067.png,https://de.scalable.capital/web-public-assets/logo/isin/US0231351067
US8740541094,Take-Two Interactive Softw.,saved,128,128,C:\Users\simon\Downloads\scalable-company-pictures\images\US8740541094.png,https://de.scalable.capital/web-public-assets/logo/isin/US8740541094
US0079031078,Advanced Micro Devices,saved,128,128,C:\Users\simon\Downloads\scalable-company-pictures\images\US0079031078.png,https://de.scalable.capital/web-public-assets/logo/isin/US0079031078
US11135F1012,Broadcom,saved,128,128,C:\Users\simon\Downloads\scalable-company-pictures\images\US11135F1012.png,https://de.scalable.capital/web-public-assets/logo/isin/US11135F1012
US4581401001,Intel Corp,saved,128,128,C:\Users\simon\Downloads\scalable-company-pictures\images\US4581401001.png,https://de.scalable.capital/web-public-assets/logo/isin/US4581401001
US5128073062,Lam Research,saved,128,128,C:\Users\simon\Downloads\scalable-company-pictures\images\US5128073062.png,https://de.scalable.capital/web-public-assets/logo/isin/US5128073062
US5738741041,Marvell Technology,saved,128,128,C:\Users\simon\Downloads\scalable-company-pictures\images\US5738741041.png,https://de.scalable.capital/web-public-assets/logo/isin/US5738741041
US5951121038,Micron Technology,saved,128,128,C:\Users\simon\Downloads\scalable-company-pictures\images\US5951121038.png,https://de.scalable.capital/web-public-assets/logo/isin/US5951121038
US7960508882,Samsung Electronics GDR,saved,128,128,C:\Users\simon\Downloads\scalable-company-pictures\images\US7960508882.png,https://de.scalable.capital/web-public-assets/logo/isin/US7960508882
US8740391003,Taiwan Semiconductor Manufact. ADR,saved,128,128,C:\Users\simon\Downloads\scalable-company-pictures\images\US8740391003.png,https://de.scalable.capital/web-public-assets/logo/isin/US8740391003
US0937121079,Bloom Energy A,saved,128,128,C:\Users\simon\Downloads\scalable-company-pictures\images\US0937121079.png,https://de.scalable.capital/web-public-assets/logo/isin/US0937121079
US4824801009,KLA Corp,saved,128,128,C:\Users\simon\Downloads\scalable-company-pictures\images\US4824801009.png,https://de.scalable.capital/web-public-assets/logo/isin/US4824801009
FI0009000681,Nokia,saved,128,128,C:\Users\simon\Downloads\scalable-company-pictures\images\FI0009000681.png,https://de.scalable.capital/web-public-assets/logo/isin/FI0009000681
LU2333563281,Tonies,saved,128,128,C:\Users\simon\Downloads\scalable-company-pictures\images\LU2333563281.png,https://de.scalable.capital/web-public-assets/logo/isin/LU2333563281
NL0010273215,ASML Holding,saved,128,128,C:\Users\simon\Downloads\scalable-company-pictures\images\NL0010273215.png,https://de.scalable.capital/web-public-assets/logo/isin/NL0010273215
US26740W1099,D-Wave Quantum,saved,128,128,C:\Users\simon\Downloads\scalable-company-pictures\images\US26740W1099.png,https://de.scalable.capital/web-public-assets/logo/isin/US26740W1099
IE00B8KQN827,Eaton,saved,128,128,C:\Users\simon\Downloads\scalable-company-pictures\images\IE00B8KQN827.png,https://de.scalable.capital/web-public-assets/logo/isin/IE00B8KQN827
AT0000652011,Erste Group Bank,saved,128,128,C:\Users\simon\Downloads\scalable-company-pictures\images\AT0000652011.png,https://de.scalable.capital/web-public-assets/logo/isin/AT0000652011
CH0114405324,Garmin,saved,128,128,C:\Users\simon\Downloads\scalable-company-pictures\images\CH0114405324.png,https://de.scalable.capital/web-public-assets/logo/isin/CH0114405324
US69608A1088,Palantir Technologies,saved,128,128,C:\Users\simon\Downloads\scalable-company-pictures\images\US69608A1088.png,https://de.scalable.capital/web-public-assets/logo/isin/US69608A1088
DK0061539921,Vestas Wind Systems,saved,128,128,C:\Users\simon\Downloads\scalable-company-pictures\images\DK0061539921.png,https://de.scalable.capital/web-public-assets/logo/isin/DK0061539921
US02079K3059,Alphabet A,saved,128,128,C:\Users\simon\Downloads\scalable-company-pictures\images\US02079K3059.png,https://de.scalable.capital/web-public-assets/logo/isin/US02079K3059
FR0010342592,Amundi Nasdaq-100 Daily (2x) Leveraged (Acc),saved,128,128,C:\Users\simon\Downloads\scalable-company-pictures\images\FR0010342592.png,https://de.scalable.capital/web-public-assets/logo/isin/FR0010342592
AT0000969985,AT&S Austria Techn.,saved,128,128,C:\Users\simon\Downloads\scalable-company-pictures\images\AT0000969985.png,https://de.scalable.capital/web-public-assets/logo/isin/AT0000969985
US5324571083,Eli Lilly & Co,saved,128,128,C:\Users\simon\Downloads\scalable-company-pictures\images\US5324571083.png,https://de.scalable.capital/web-public-assets/logo/isin/US5324571083
US84615Q1031,SpaceX,saved,128,128,C:\Users\simon\Downloads\scalable-company-pictures\images\US84615Q1031.png,https://de.scalable.capital/web-public-assets/logo/isin/US84615Q1031
IT0005239360,UniCredit,saved,128,128,C:\Users\simon\Downloads\scalable-company-pictures\images\IT0005239360.png,https://de.scalable.capital/web-public-assets/logo/isin/IT0005239360
IE00B53SZB19,iShares Nasdaq 100 (Acc),saved,128,128,C:\Users\simon\Downloads\scalable-company-pictures\images\IE00B53SZB19.png,https://de.scalable.capital/web-public-assets/logo/isin/IE00B53SZB19
IE00B4L5Y983,iShares Core MSCI World (Acc),saved,128,128,C:\Users\simon\Downloads\scalable-company-pictures\images\IE00B4L5Y983.png,https://de.scalable.capital/web-public-assets/logo/isin/IE00B4L5Y983
DE0005933931,iShares Core DAX (Acc),saved,128,128,C:\Users\simon\Downloads\scalable-company-pictures\images\DE0005933931.png,https://de.scalable.capital/web-public-assets/logo/isin/DE0005933931
IE00BMC38736,VanEck Semiconductor (Acc),saved,128,128,C:\Users\simon\Downloads\scalable-company-pictures\images\IE00BMC38736.png,https://de.scalable.capital/web-public-assets/logo/isin/IE00BMC38736
IE00BK5BQT80,Vanguard FTSE All-World (Acc),saved,128,128,C:\Users\simon\Downloads\scalable-company-pictures\images\IE00BK5BQT80.png,https://de.scalable.capital/web-public-assets/logo/isin/IE00BK5BQT80
IE00BF4RFH31,iShares MSCI World Small Cap (Acc),saved,128,128,C:\Users\simon\Downloads\scalable-company-pictures\images\IE00BF4RFH31.png,https://de.scalable.capital/web-public-assets/logo/isin/IE00BF4RFH31
JE00B24DK975,WisdomTree WTI Crude Oil 1x Daily Short,saved,128,128,C:\Users\simon\Downloads\scalable-company-pictures\images\JE00B24DK975.png,https://de.scalable.capital/web-public-assets/logo/isin/JE00B24DK975
US1912161007,Coca-Cola,saved,128,128,C:\Users\simon\Downloads\scalable-company-pictures\images\US1912161007.png,https://de.scalable.capital/web-public-assets/logo/isin/US1912161007
IE00BF01VY89,Leverage Shares 2x Alphabet ETP,saved,128,128,C:\Users\simon\Downloads\scalable-company-pictures\images\IE00BF01VY89.png,https://de.scalable.capital/web-public-assets/logo/isin/IE00BF01VY89
IE00BK5BZX59,Leverage Shares 3x Alphabet ETP,saved,128,128,C:\Users\simon\Downloads\scalable-company-pictures\images\IE00BK5BZX59.png,https://de.scalable.capital/web-public-assets/logo/isin/IE00BK5BZX59
